[
  {
    "model": "benchmarks.BenchmarkType",
    "fields": {
      "identifier": "Federenko.Pereira2018-linear",
      "domain": "language",
      "parent": "average_language",
      "visible": "True"
    }
  },
  {
    "model": "benchmarks.BenchmarkType",
    "fields": {
      "identifier": "Kanwisher.Federenko2016-linear",
      "domain": "language",
      "parent": "average_language",
      "visible": "True"
    }
  },
  {
    "model": "benchmarks.BenchmarkType",
    "fields": {
      "identifier": "Federenko.Blank2014-linear",
      "domain": "language",
      "parent": "average_language",
      "visible": "True"
    }
  },
  {
    "model": "benchmarks.BenchmarkType",
    "fields": {
      "identifier": "Futrell2018-pearsonr",
      "domain": "language",
      "parent": "average_language",
      "visible": "True"
    }
  },
  {
    "model": "benchmarks.BenchmarkType",
    "fields": {
      "identifier": "HuGathier2018",
      "domain": "language",
      "parent": "average_language",
      "visible": "True"
    }
  },
  {
    "model": "benchmarks.BenchmarkType",
    "fields": {
      "identifier": "Socher.Merity2016-accuracy",
      "domain": "language",
      "parent": "engineering_language",
      "visible": "True"
    }
  },
  {
    "model": "benchmarks.BenchmarkType",
    "fields": {
      "identifier": "average_language",
      "domain": "language",
      "visible": "True",
      "order": 0
    }
  },
  {
    "model": "benchmarks.BenchmarkType",
    "fields": {
      "identifier": "engineering_language",
      "domain": "language",
      "visible": "True",
      "order": 0
    }
  }
]