[
  {
    "model": "benchmarks.BenchmarkType",
    "fields": {
      "identifier": "dicarlo.MajajHong2015.V4-pls",
      "domain": "vision",
      "parent": "V4",
      "visible": "True",
      "reference": [
        "https://www.jneurosci.org/content/35/39/13402"
      ]
    }
  },
  {
    "model": "benchmarks.BenchmarkType",
    "fields": {
      "identifier": "dicarlo.MajajHong2015.IT-pls",
      "domain": "vision",
      "parent": "IT",
      "visible": "True",
      "reference": [
        "https://www.jneurosci.org/content/35/39/13402"
      ]
    }
  },
  {
    "model": "benchmarks.BenchmarkType",
    "fields": {
      "identifier": "movshon.FreemanZiemba2013.V1-pls",
      "domain": "vision",
      "parent": "V1",
      "visible": "True",
      "reference": [
        "https://www.nature.com/articles/nn.3402"
      ]
    }
  },
  {
    "model": "benchmarks.BenchmarkType",
    "fields": {
      "identifier": "movshon.FreemanZiemba2013.V2-pls",
      "domain": "vision",
      "parent": "V2",
      "visible": "True",
      "reference": [
        "https://www.nature.com/articles/nn.3402"
      ]
    }
  },
  {
    "model": "benchmarks.BenchmarkType",
    "fields": {
      "identifier": "dicarlo.Kar2019-ost",
      "domain": "vision",
      "parent": "IT",
      "visible": "True",
      "reference": [
        "https://www.nature.com/articles/s41593-019-0392-5"
      ]
    }
  },
  {
    "model": "benchmarks.BenchmarkType",
    "fields": {
      "identifier": "dicarlo.Rajalingham2018-i2n",
      "domain": "vision",
      "parent": "behavior",
      "visible": "True",
      "reference": [
        "https://www.jneurosci.org/content/38/33/7255"
      ]
    }
  },
  {
    "model": "benchmarks.BenchmarkType",
    "fields": {
      "identifier": "fei-fei.Deng2009-top1",
      "domain": "vision",
      "parent": "engineering_vision",
      "visible": "True",
      "reference": [
        "https://ieeexplore.ieee.org/abstract/document/5206848"
      ]
    }
  },
  {
    "model": "benchmarks.BenchmarkType",
    "fields": {
      "identifier": "average_vision",
      "domain": "vision",
      "visible": "True",
      "order": 0
    }
  },
  {
    "model": "benchmarks.BenchmarkType",
    "fields": {
      "identifier": "V1",
      "domain": "vision",
      "parent": "average_vision",
      "visible": "True",
      "order": 0
    }
  },
  {
    "model": "benchmarks.BenchmarkType",
    "fields": {
      "identifier": "V2",
      "domain": "vision",
      "parent": "average_vision",
      "visible": "True",
      "order": 1
    }
  },
  {
    "model": "benchmarks.BenchmarkType",
    "fields": {
      "identifier": "V4",
      "domain": "vision",
      "parent": "average_vision",
      "visible": "True",
      "order": 2
    }
  },
  {
    "model": "benchmarks.BenchmarkType",
    "fields": {
      "identifier": "IT",
      "domain": "vision",
      "parent": "average_vision",
      "visible": "True",
      "order": 3
    }
  },
  {
    "model": "benchmarks.BenchmarkType",
    "fields": {
      "identifier": "behavior",
      "domain": "vision",
      "parent": "average_vision",
      "visible": "True",
      "order": 4
    }
  },
  {
    "model": "benchmarks.BenchmarkType",
    "fields": {
      "identifier": "engineering_vision",
      "domain": "vision",
      "visible": "True",
      "order": 2
    }
  }
]