[
  {
    "model": "benchmarks.BenchmarkMeta",
    "fields": {
      "id": 15,
      "number_of_stimuli": 315,
      "number_of_recording_sites": 102,
      "recording_sites": null,
      "behavioral_task": null
    }
  },
  {
    "model": "benchmarks.BenchmarkMeta",
    "fields": {
      "id": 16,
      "number_of_stimuli": 315,
      "number_of_recording_sites": 103,
      "recording_sites": null,
      "behavioral_task": null
    }
  },
  {
    "model": "benchmarks.BenchmarkMeta",
    "fields": {
      "id": 17,
      "number_of_stimuli": 2560,
      "number_of_recording_sites": 88,
      "recording_sites": null,
      "behavioral_task": null
    }
  },
  {
    "model": "benchmarks.BenchmarkMeta",
    "fields": {
      "id": 18,
      "number_of_stimuli": 5760,
      "number_of_recording_sites": null,
      "recording_sites": null,
      "behavioral_task": "next_word_prediction"
    }
  },
  {
    "model": "benchmarks.BenchmarkMeta",
    "fields": {
      "id": 19,
      "number_of_stimuli": 2560,
      "number_of_recording_sites": 168,
      "recording_sites": null,
      "behavioral_task": null
    }
  },
  {
    "model": "benchmarks.BenchmarkMeta",
    "fields": {
      "id": 20,
      "number_of_stimuli": 1318,
      "number_of_recording_sites": null,
      "recording_sites": null,
      "behavioral_task": "sentence_completion"
    }
  },
  {
    "model": "benchmarks.BenchmarkMeta",
    "fields": {
      "id": 21,
      "number_of_stimuli": 256,
      "number_of_recording_sites": null,
      "recording_sites": null,
      "behavioral_task": null
    }
  }
]