domain,identifier,display_name,version,architecture_family,architecture_description,parameter_count,parameter_count_exact,trainable_layers,recurrent,input_modality,input_channels,input_height,input_width,visual_degrees,visual_degrees_description,supervision_type,supervision_description,interface_description,preprocessing_description,training_process,dataset_summary,weights_provider,checkpoint_identifier,source_url,license,curation_confidence,training_objective,loss_function,learning_rate,batch_size,input_format,output_format,tokenizer
vision,AdvProp_efficientnet-b2,AdvProp_efficientnet-b2,B2 Scale Variant,convolutional_neural_network,Convolutional Neural Network,9200000,true,7?,false,image,3,260,260,,,supervised,Fully supervised,"RGB image 260x260x3 NCHW, 1000-class logits","Resize to 260×260, standard ImageNet mean/std normalization",,ImageNet ILSVRC-2012,Google,tf_efficientnet_b2.ap_in1k,,Apache 2.0,medium,"1,000-class image classification",Cross-Entropy Loss,,,"RGB image 260x260x3 NCHW, 1000-class logits",,
vision,AdvProp_efficientnet-b4,AdvProp_efficientnet-b4,B4 Scale Variant,convolutional_neural_network,Convolutional Neural Network,19300000,true,31,false,image,3,380,380,,,supervised,Fully Supervised,"RGC image 380x380x3 NCHW, 1000-class logits","Resize to 380×380, standard ImageNet normalization",,ImageNet ILSVRC-2012,Google,tf_efficientnet_b4.ap_in1k,,Apache 2.0,medium,"1,000-class image classification",Cross-entropy loss,,,"RGC image 380x380x3 NCHW, 1000-class logits",,
vision,AdvProp_efficientnet-b6,AdvProp_efficientnet-b6,B6 Scale Variant,convolutional_neural_network,Convolutional Neural Network,43000000,true,42,false,image,3,528,528,,,supervised,Fully Supervised,"RGC image 528x528x3 NCHW, 1000-class logits","Resize to 528x528, normalize mean, std",,ImageNet ILSVRC-2012,"Google, PyTorch",tf_efficientnet_b6.ap_in1k,,Apache 2.0,medium,"1,000-class image classification",Cross-entropy loss,,,"RGC image 528x528x3 NCHW, 1000-class logits",,Nonw (o)
vision,AdvProp_efficientnet-b7,AdvProp_efficientnet-b7,B7 Scale Variant,convolutional_neural_network,Convolutional Neural Network,66000000,true,48,false,image,3,600,600,,,supervised,Fully Supervised,"RGB 600x600x3 NCHW, 1000-class logits","Resize to 600x600, normalize mean, std",,ImageNet ILSVRC-2012,"Google, PyTorch",tf_efficientnet_b7.ap_in1K,,Apache 2.0,medium,"1,000-class image classification",Cross-entropy loss,,,"RGB 600x600x3 NCHW, 1000-class logits",,
vision,AdvProp_efficientnet-b8,AdvProp_efficientnet-b8,B8 Scale Variant,convolutional_neural_network,Convolutional Neural Network,87400000,true,,false,image,3,672,672,,,supervised,Fully Supervised,"RGB 672x672x3 NCHW, 1000-class logits","Resize to 672x672, normalize mean, std, crop_pct",,ImageNet ILSVRC-2012,"Google, PyTorch",tf_efficientnet_b8_ap-00e169fa.pth,,Apache 2.0,medium,"1,000-class image classification",Cross-entropy loss,,,"RGB 672x672x3 NCHW, 1000-class logits",,
vision,alexnet,AlexNet,IMAGENET1K_V1,convolutional_neural_network,Convolutional Neural Network,61100840,true,8 weighted layers: 5 convolutional + 3 linear,false,image,3,224,224,,,supervised,Fully supervised,"image, classification_logits","Resizing, random cropping, horizontal reflection, mean subtraction, PCA color augmentation, normalization for 2012 || RandomResizedCrop + RandomHorizontalFlip + normalization only for Torchvision",torchvision single-tower AlexNet; differs from the 2012 dual-GPU two-tower design,ImageNet LSVRC-2010,PyTorch's Torchvision library,alexnet(pretrained=True) (AlexNet_Weights.IMAGENET1K_V1 replaced this),,"BSD-3-Clause (torchvision code + weights, ""Copyright (c) Soumith Chintala 2016""). Distinct from the original 2012 research code (cuda-convnet), separately released under BSD-2-Clause via the Computer History Museum.",,"1,000-class image classification",Softmax Cross-Entropy (Multinomial Logistic Regression),0.01,2012 PAPER's batch size: 128. Torchvision's batch size: 32.,image,classification_logits,
vision,AlexNet_SIN,AlexNet_SIN,SIN-trained variant,convolutional_neural_network,Convolutional Neural Network,60000000,true,8,false,image,3,224,224,,,supervised,Fully Supervised,"RGB 224x224x3, 1000-class logits","Standard AlexNet/Caffe-style preprocessing (224×224, mean subtraction) — training used the Caffe implementation for AlexNet specifically (per repo notes: ""For AlexNet, VGG-16 and GoogLeNet we used the caffe implementation"")",,Stylized-ImageNet,Robert Geirhos et al./Bethge Lab,,,,medium,"1,000-class image classification",Cross-entropy loss,,,"RGB 224x224x3, 1000-class logits",,
vision,AlexNet_SIN_fov12,AlexNet_SIN_fov12,12 visual degree variant,,,,,,,image,,,,,,,,,,,,,,,,low,,,,,,,
vision,AlexNet_SIN_fov16,AlexNet_SIN_fov16,16 visual degree variant,,,,,,,image,,,,,,,,,,,,,,,,low,,,,,,,
vision,alexnet_training_seed_01,alexnet_training_seed_01,training seed 01 variant,convolutional_neural_network,Convolutional Neural Network,61100840,true,,false,image,3,224,224,,,supervised,Fully supervised,"image, classification_logits","Resizing, random cropping, horizontal reflection, mean subtraction, PCA color augmentation, normalization for 2012 || RandomResizedCrop + RandomHorizontalFlip + normalization only for Torchvision",torchvision single-tower AlexNet; differs from the 2012 dual-GPU two-tower design,,PyTorch's Torchvision library,alexnet(pretrained=True) (AlexNet_Weights.IMAGENET1K_V1 replaced this),,"BSD-3-Clause (torchvision code + weights, ""Copyright (c) Soumith Chintala 2016""). Distinct from the original 2012 research code (cuda-convnet), separately released under BSD-2-Clause via the Computer History Museum.",,,Softmax Cross-Entropy (Multinomial Logistic Regression),0.01,2012 PAPER's batch size: 128. Torchvision's batch size: 32.,image,classification_logits,
vision,alexnet_training_seed_02,alexnet_training_seed_02,training seed 02 variant,convolutional_neural_network,Convolutional Neural Network,61100840,true,,false,image,3,224,224,,,supervised,Fully supervised,"image, classification_logits","Resizing, random cropping, horizontal reflection, mean subtraction, PCA color augmentation, normalization for 2012 || RandomResizedCrop + RandomHorizontalFlip + normalization only for Torchvision",torchvision single-tower AlexNet; differs from the 2012 dual-GPU two-tower design,,PyTorch's Torchvision library,alexnet(pretrained=True) (AlexNet_Weights.IMAGENET1K_V1 replaced this),,"BSD-3-Clause (torchvision code + weights, ""Copyright (c) Soumith Chintala 2016""). Distinct from the original 2012 research code (cuda-convnet), separately released under BSD-2-Clause via the Computer History Museum.",,,Softmax Cross-Entropy (Multinomial Logistic Regression),0.01,2012 PAPER's batch size: 128. Torchvision's batch size: 32.,image,classification_logits,
vision,alexnet_training_seed_03,alexnet_training_seed_03,training seed 03 variant,convolutional_neural_network,Convolutional Neural Network,61100840,true,,false,image,3,224,224,,,supervised,Fully supervised,"image, classification_logits","Resizing, random cropping, horizontal reflection, mean subtraction, PCA color augmentation, normalization for 2012 || RandomResizedCrop + RandomHorizontalFlip + normalization only for Torchvision",torchvision single-tower AlexNet; differs from the 2012 dual-GPU two-tower design,,PyTorch's Torchvision library,alexnet(pretrained=True) (AlexNet_Weights.IMAGENET1K_V1 replaced this),,"BSD-3-Clause (torchvision code + weights, ""Copyright (c) Soumith Chintala 2016""). Distinct from the original 2012 research code (cuda-convnet), separately released under BSD-2-Clause via the Computer History Museum.",,,Softmax Cross-Entropy (Multinomial Logistic Regression),0.01,2012 PAPER's batch size: 128. Torchvision's batch size: 32.,image,classification_logits,
vision,alexnet_training_seed_06,alexnet_training_seed_06,training seed 06 variant,convolutional_neural_network,Convolutional Neural Network,61100840,true,,false,image,3,224,224,,,supervised,Fully supervised,"image, classification_logits","Resizing, random cropping, horizontal reflection, mean subtraction, PCA color augmentation, normalization for 2012 || RandomResizedCrop + RandomHorizontalFlip + normalization only for Torchvision",torchvision single-tower AlexNet; differs from the 2012 dual-GPU two-tower design,,PyTorch's Torchvision library,alexnet(pretrained=True) (AlexNet_Weights.IMAGENET1K_V1 replaced this),,"BSD-3-Clause (torchvision code + weights, ""Copyright (c) Soumith Chintala 2016""). Distinct from the original 2012 research code (cuda-convnet), separately released under BSD-2-Clause via the Computer History Museum.",,,Softmax Cross-Entropy (Multinomial Logistic Regression),0.01,2012 PAPER's batch size: 128. Torchvision's batch size: 32.,image,classification_logits,
vision,alexnet_training_seed_07,alexnet_training_seed_07,training seed 07 variant,convolutional_neural_network,Convolutional Neural Network,61100840,true,,false,image,3,224,224,,,supervised,Fully supervised,"image, classification_logits","Resizing, random cropping, horizontal reflection, mean subtraction, PCA color augmentation, normalization for 2012 || RandomResizedCrop + RandomHorizontalFlip + normalization only for Torchvision",torchvision single-tower AlexNet; differs from the 2012 dual-GPU two-tower design,,PyTorch's Torchvision library,alexnet(pretrained=True) (AlexNet_Weights.IMAGENET1K_V1 replaced this),,"BSD-3-Clause (torchvision code + weights, ""Copyright (c) Soumith Chintala 2016""). Distinct from the original 2012 research code (cuda-convnet), separately released under BSD-2-Clause via the Computer History Museum.",,,Softmax Cross-Entropy (Multinomial Logistic Regression),0.01,2012 PAPER's batch size: 128. Torchvision's batch size: 32.,image,classification_logits,
vision,alexnet_training_seed_09,alexnet_training_seed_09,training seed 09 variant,convolutional_neural_network,Convolutional Neural Network,61100840,true,,false,image,3,224,224,,,supervised,Fully supervised,"image, classification_logits","Resizing, random cropping, horizontal reflection, mean subtraction, PCA color augmentation, normalization for 2012 || RandomResizedCrop + RandomHorizontalFlip + normalization only for Torchvision",torchvision single-tower AlexNet; differs from the 2012 dual-GPU two-tower design,,PyTorch's Torchvision library,alexnet(pretrained=True) (AlexNet_Weights.IMAGENET1K_V1 replaced this),,"BSD-3-Clause (torchvision code + weights, ""Copyright (c) Soumith Chintala 2016""). Distinct from the original 2012 research code (cuda-convnet), separately released under BSD-2-Clause via the Computer History Museum.",,,Softmax Cross-Entropy (Multinomial Logistic Regression),0.01,2012 PAPER's batch size: 128. Torchvision's batch size: 32.,image,classification_logits,
vision,alexnet_training_seed_10,alexnet_training_seed_10,training seed 10 variant,convolutional_neural_network,Convolutional Neural Network,61100840,true,,false,image,3,224,224,,,supervised,Fully supervised,"image, classification_logits","Resizing, random cropping, horizontal reflection, mean subtraction, PCA color augmentation, normalization for 2012 || RandomResizedCrop + RandomHorizontalFlip + normalization only for Torchvision",torchvision single-tower AlexNet; differs from the 2012 dual-GPU two-tower design,,PyTorch's Torchvision library,alexnet(pretrained=True) (AlexNet_Weights.IMAGENET1K_V1 replaced this),,"BSD-3-Clause (torchvision code + weights, ""Copyright (c) Soumith Chintala 2016""). Distinct from the original 2012 research code (cuda-convnet), separately released under BSD-2-Clause via the Computer History Museum.",,,Softmax Cross-Entropy (Multinomial Logistic Regression),0.01,2012 PAPER's batch size: 128. Torchvision's batch size: 32.,image,classification_logits,
vision,antialiased-r50,antialiased-r50,V0.3,convolutional_neural_network,Convolutional Neural Network,25600000,true,,false,image,3,224,224,,,supervised,Fully supervised,"RGB 224x224x3, 1000-class softmax logits","Standard PyTorch ImageNet pipeline (resize/crop to 224×224, normalization); evaluation of shift-consistency uses two random 224×224 crops of the same image","Baseline ResNet-50 modified by replacing stride-2 downsampling (max-pool, avg-pool, or strided conv) with a ""MaxBlurPool""-style approach: evaluate at stride 1, then apply a low-pass blur filter before subsampling. As of Oct 2020, the released weights are produced by fine-tuning from baseline ResNet-50 weights rather than training from scratch, using the last 2/3 of a full training schedule with learning rate lowered 10x and 60 epochs",ImageNet (ILSVRC 2012),Adobe Inc./Richard Zhang,resnet50_lpf4,,Creative Commons Attribution-NonCommercial-ShareAlike 4.0 International (CC BY-NC-SA 4.0); code builds on BSD-licensed PyTorch/torchvision repos,,"1,000-class image classification",Standard cross-entropy loss,Fine-tuning run: lr = 0..01 for 60 epochs,256,"RGB 224x224x3, 1000-class softmax logits",,
vision,AT_efficientnet-b2,AT_efficientnet-b2,,,,,,,,image,,,,,,,,,,,,,,,,,,,,,,,
vision,compact_resnet50_robust_V4,compact_resnet50_robust_V4,,,,,,,,image,,,,,,,,,,,,,,,,,,,,,,,
vision,convnext_base:clip_laiona_augreg_ft_in1k_384,convnext_base:clip_laiona_augreg_ft_in1k_384,timm library weights,convolutional_neural_network,"ConvNeXt, pure convolutional neural network",88600000,true,,false,image,3,384,384,,,contrastive_pretrain_supervised_finetune,Contrastive pretraining + supervised fine tuning,"RGB 384x384x3, 1000-class logits",Model-specific transforms resolved via timm.data.resolve_model_data_config() — standard resize/crop to 384×384 + normalization; exact mean/std not shown on this card,"CLIP image-tower weights pretrained in OpenCLIP on LAION, then fine-tuned on ImageNet-1k in timm; naming convention: clip = CLIP-pretrained tower, laiona = LAION-Aesthetic pretrain subset, augreg = AugReg fine-tuning recipe (strong augmentation + regularization), ft_in1k = fine-tuned on ImageNet-1k, 384 = fine-tuned/eval at 384px",Pretrain: LAION-Aesthetic; Fine-tune: ImageNet-1k,timms,timm/convnext_base.clip_laiona_augreg_ft_in1k_384,,Apache-2.0,,"Image-text contrastive pretraining, then classification fine-tuning",,,,"RGB 384x384x3, 1000-class logits",,
vision,convnext_base_imagenet_full_seed-0,convnext_base_imagenet_full_seed-0,EPFL NeuroAI Scaling Variant,convolutional_neural_network,"ConvNeXt (pure CNN, 'ConvNet for the 2020s')",88600000,true,,false,image,3,224,224,,,supervised,Fully Supervised,Input: RGB image tensor (assumed 224x224x3); Output: 1000-class ImageNet logits,,"Standard ConvNeXt-Base trained on 100% ('full') of ImageNet-1k, with a fixed random seed (seed-0) as one run in a seeded multi-run comparison set","ImageNet-1k (ILSVRC2012), full training set",Brain-Score model registry (loaded via BrainScore library v2.2.4),,https://arxiv.org/pdf/2411.05712,,,Image classification (1000-way),,,,RGB image tensor (assumed 224x224x3),1000-class ImageNet logits,
vision,convnext_tiny:in12k_ft_in1k,convnext_tiny.in12k_ft_in1k,timm library release (part of pytorch-image-models),convolutional_neural_network,ConvNeXt (pure CNN),28600000,true,Full model (all layers trainable during fine-tune),false,image,3,224,224,,,supervised,Supervised (labeled image classification),"Input: 288x288x3 RGB tensor (test); Output: 1000-class logits, or feature maps/embeddings depending on mode",Resolved via timm.data.resolve_model_data_config(); resize/crop to 288x288 test resolution + normalization,"Pretrained on ImageNet-12k (11,821-class subset of ImageNet-22k) on TPUs (Google TRC program), then fine-tuned on ImageNet-1k on 8x GPU Lambda Labs cloud instances",Pretrain: ImageNet-12k; Fine-tune: ImageNet-1k,timm (Ross Wightman) / Hugging Face timm org,Hugging Face repo: timm/convnext_tiny.in12k_ft_in1k (safetensors),,Apache-2.0,,"Image classification, two-stage (12k-class pretrain, then 1k-class fine-tune)",,,,288x288x3 RGB tensor (test),"1000-class logits, or feature maps/embeddings depending on mode",
vision,convnext_tiny_imagenet_full_seed-0,convnext_tiny_imagenet_full_seed-0,,convolutional_neural_network,ConvNeXt (pure CNN),28600000,true,,false,image,3,224,224,,,supervised,Supervised (labeled image classification),Input: 224x224x3 RGB tensor (assumed); Output: 1000-class ImageNet logits,,"Standard ConvNeXt-Tiny trained on 100% of ImageNet-1k with a fixed random seed (seed-0), part of a seeded multi-run comparison set","ImageNet-1k (ILSVRC2012), full training set",Brain-Score model registry (loaded via BrainScore library v2.2.4),,https://arxiv.org/pdf/2411.05712,,,Image classification (1000-way),,,,224x224x3 RGB tensor (assumed),1000-class ImageNet logits,
vision,convnext_tiny_sup,convnext_tiny_sup,,convolutional_neural_network,ConvNeXt (pure CNN),28600000,true,,false,image,3,224,224,,,supervised,Supervised,Input: RGB image tensor (assumed 224x224x3); Output: 1000-class logits (assumed),,Presumed standard supervised ImageNet-1k training of ConvNeXt-Tiny (no CLIP/self-supervised pretraining),Pretrain: ImageNet-22k; Fine-tune: ImageNet-1k,Brain-Score model registry (loaded via BrainScore library v2.2.4),,,,,Image classification,,,,RGB image tensor (assumed 224x224x3),1000-class logits (assumed),
vision,convnext_xlarge:fb_in22k_ft_in1k,convnext_xlarge.fb_in22k_ft_in1k,timm library release,convolutional_neural_network,ConvNeXt (pure CNN),350200000,true,Full model,false,image,3,224,224,,,supervised,Supervised (labeled image classification),"Input: 288x288x3 RGB tensor (test); Output: 1000-class logits, or feature maps/embeddings depending on mode",Resolved via timm.data.resolve_model_data_config(); resize/crop to 288x288 test resolution + normalization,"Pretrained on full ImageNet-22k, then fine-tuned on ImageNet-1k, by the original Facebook/Meta ConvNeXt paper authors (not a timm-community fine-tune)",Pretrain: ImageNet-22k; Fine-tune: ImageNet-1k,"Original ConvNeXt paper authors (Facebook/Meta AI), distributed via timm / Hugging Face",Hugging Face repo: timm/convnext_xlarge.fb_in22k_ft_in1k (safetensors); original source: facebookresearch/ConvNeXt,,Apache-2.0,,"Two-stage image classification (22k-class pretrain, then 1k-class fine-tune)",,,,288x288x3 RGB tensor (test),"1000-class logits, or feature maps/embeddings depending on mode",
vision,convnext_xxlarge:clip_laion2b_soup_ft_in1k,convnext_xxlarge.clip_laion2b_soup_ft_in1k,timm library release,convolutional_neural_network,ConvNeXt (pure CNN),845500000,true,Full model,false,image,3,256,256,,,contrastive_pretrain_supervised_finetune,Contrastive (CLIP) pretraining + supervised fine-tuning,"Input: 256x256x3 RGB tensor; Output: 1000-class logits, or feature maps/embeddings depending on mode",Resolved via timm.data.resolve_model_data_config(); resize/crop to 256x256 + normalization,CLIP image tower pretrained via OpenCLIP contrastive image-text training on LAION-2B; multiple pretrain checkpoints combined via 'model soup' (weight averaging); fine-tuned on ImageNet-1k in timm,Pretrain: LAION-2B; Fine-tune: ImageNet-1k,timm (Ross Wightman) / OpenCLIP (mlfoundations) / LAION,Hugging Face repo: timm/convnext_xxlarge.clip_laion2b_soup_ft_in1k (safetensors),,Apache-2.0,,"Image-text contrastive pretraining, then image classification fine-tuning",,,,256x256x3 RGB tensor,"1000-class logits, or feature maps/embeddings depending on mode",
vision,CORnet-S,CORnet-S,CORnet family v1 (as released in the NeurIPS 2019 dicarlolab/CORnet repo),recurrent_convolutional_neural_network,"Recurrent CNN (shallow, brain-inspired, ResNet-like blocks with recurrence)",,,"4 anatomically-mapped computational areas (V1, V2, V4, IT) plus a linear category decoder",true,image,3,224,224,,,supervised,Supervised (labeled image classification),"Input: RGB image (ImageNet-standard preprocessing); Output: 1000-class ImageNet logits, plus optional intermediate area activations (V1/V2/V4/IT) for neuroscience analysis",Standard ImageNet training/eval preprocessing via run.py (train/test split handled per standard PyTorch ImageNet pipeline),"Purpose-built four-area architecture (V1, V2, V4, IT analogues) with recurrent connectivity, developed by iteratively adding recurrence/skip connections to a base CORnet-Z model while optimizing both ImageNet performance and Brain-Score neural/behavioral alignment","ImageNet (ILSVRC), full training set","DiCarlo Lab, MIT (github.com/dicarlolab/CORnet)",cornet_s-1d3f7974.pth (auto-downloaded via PyTorch Model Zoo from s3.amazonaws.com/cornet-models/),,GNU GPL 3.0+,,"Image classification (1000-way), optimized jointly for ImageNet performance and Brain-Score alignment",,0.1 (per README training command: --lr .1),,RGB image (ImageNet-standard preprocessing),"1000-class ImageNet logits, plus optional intermediate area activations (V1/V2/V4/IT) for neuroscience analysis",
vision,effnetb1_cutmixpatch_augmix_robust32_avge4e7_manylayers_324x288,effnetb1_cutmixpatch_augmix_robust32_avge4e7_manylayers_324x288,"tf_efficientnet_b1_ns_robust_cutmixpatchresize_augmix_e4toe7.pth - CutMix-patch + AugMix, epoch-avg 4-7",convolutional_neural_network,"CNN (EfficientNet compound-scaled), adversarially/corruption-robust fine-tune with AugMix + checkpoint averaging",7800000,false,All EfficientNet-B1 layers trained/fine-tuned; BatchNorm explicitly frozen (m.eval()) in stem + blocks 0-3 (freeze list one block shorter than SAM variant) at inference time,false,image,3,288,324,,,self_supervised,"Fully supervised, with self-training (Noisy Student) component in base weights","RGB tensor, resize 324/crop 288 -> intermediate activations at fine-grained block sublayers",Custom Albumentations: Resize(324) -> CenterCrop(288) -> Normalize(ImageNet mean/std) -> ToTensorV2 (identical to SAM variant),"EfficientNet-B1 Noisy Student base -> further fine-tuned with CutMix-patch-resize + AugMix augmentation -> weight-averaged across epochs 4-7; same preprocessing/BN-freezing pattern as SAM variant, freeze list one block shorter",ImageNet-1k (base Noisy Student pretrain uses unlabeled JFT-300M too) + fine-tune with CutMix-patch/AugMix augmentation on ImageNet-1k,"Brain-Score S3 storage; base weights from Google (Noisy Student), fine-tuned by Brain-Score submitter","tf_efficientnet_b1_ns_robust_cutmixpatchresize_augmix_e4toe7.pth, SHA1 37f3ac1b...",,Submission code: MIT; underlying EfficientNet weights license unconfirmed,high,Cross-entropy + robustness objective under AugMix augmentation + CutMix-patch augmentation,Cross-entropy (AugMix-augmented),,Inference batch_size=8 explicitly set; training batch size unconfirmed,"RGB tensor, resize 324/crop 288",intermediate activations at fine-grained block sublayers,
vision,effnetb1_cutmixpatch_SAM_robust32_avge6e8e9e10_manylayers_324x288,effnetb1_cutmixpatch_SAM_robust32_avge6e8e9e10_manylayers_324x288,"tf_efficientnet_b1_ns_robust_cutmixpatchresize_SAM_e6e8e9e10.pth - CutMix-patch + SAM, epoch-avg 6/8/9/10",convolutional_neural_network,"CNN (EfficientNet compound-scaled), adversarially/corruption-robust fine-tune with SAM + checkpoint averaging",7800000,false,All EfficientNet-B1 layers trained/fine-tuned; BatchNorm explicitly frozen (m.eval()) in stem + blocks 0-3 at inference time,false,image,3,288,324,,,self_supervised,"Fully supervised, with self-training (Noisy Student) component in base weights","RGB tensor, resize 324/crop 288 -> intermediate activations at fine-grained block sublayers",Custom Albumentations: Resize(324) -> CenterCrop(288) -> Normalize(ImageNet mean/std) -> ToTensorV2,"EfficientNet-B1 Noisy Student base -> further fine-tuned with CutMix-patch-resize augmentation + SAM optimizer -> weight-averaged across epochs 6,8,9,10; custom Albumentations preprocessing (324 resize -> 288 center crop); BN frozen in stem + blocks 0-3",ImageNet-1k (base Noisy Student pretrain uses unlabeled JFT-300M too) + fine-tune with CutMix-patch/SAM augmentation on ImageNet-1k,"Brain-Score S3 storage; base weights from Google (Noisy Student), fine-tuned by Brain-Score submitter","tf_efficientnet_b1_ns_robust_cutmixpatchresize_SAM_e6e8e9e10.pth, SHA1 9d60e490...",,Submission code: MIT; underlying EfficientNet weights license unconfirmed,high,Cross-entropy + robustness objective under SAM optimization (flat-minima seeking) + CutMix-patch augmentation,Cross-entropy (SAM-optimized),,Inference batch_size=8 explicitly set; training batch size unconfirmed,"RGB tensor, resize 324/crop 288",intermediate activations at fine-grained block sublayers,
vision,focalnet_tiny_lrf_in1k,focalnet_tiny_lrf_in1k,"timm tag focalnet_tiny_lrf.ms_in1k (ImageNet-1k only, no 22k pretrain)",vision_transformer,Hierarchical focal-modulation network (attention-free ViT alternative),28600000,false,All FocalNet-Tiny layers trained during ImageNet-1k training,false,image,3,224,224,,,supervised,Fully supervised,"RGB tensor 3x224x224 -> intermediate activations at layers.0-3 blocks/downsamples, norm, head.global_pool, head.fc","load_preprocess_images, image_size=224 (standard) - confirmed via code","timm.create_model('focalnet_tiny_lrf.ms_in1k', pretrained=True) loaded directly; standard 224x224 preprocessing; no fine-tuning or modification applied (Yang et al. 2022)",ImageNet-1k,timm / Ross Wightman (Microsoft FocalNet weights port),focalnet_tiny_lrf.ms_in1k (timm hub identifier) - confirmed directly in Brain-Score submission code,,Submission code: MIT; timm weights: MIT (per HF model card),high,Cross-entropy classification,Cross-entropy,,,RGB tensor 3x224x224,"intermediate activations at layers.0-3 blocks/downsamples, norm, head.global_pool, head.fc",
vision,grcnn,grcnn,checkpoint_params_grcnn55.pt,recurrent_convolutional_neural_network,"CNN with explicit recurrent gating at each stage (Gated Recurrent CNN family, inferred)",,,All GRCNN-55 layers trained during external training; loaded frozen for inference,true,image,3,224,224,,,supervised,Fully supervised (assumed),RGB tensor 3x224x224 -> intermediate activations at gated recurrent stage sublayers,"load_preprocess_images, image_size=224 (standard)","Custom GRCNN-55 with gated recurrent iterations (iter_1/2/3/4, iter_g_*) at each of 4 stages, loaded from Brain-Score S3 checkpoint",,Brain-Score S3 storage; original GRCNN-55 training source unconfirmed,"checkpoint_params_grcnn55.pt, SHA1 20fb844e...",,Submission code: MIT; underlying weights license unconfirmed,medium,,,,,RGB tensor 3x224x224,intermediate activations at gated recurrent stage sublayers,
vision,hmax,hmax,universal_patch_set.mat - hand-crafted C2 prototype patches,other,"Hand-crafted biologically-inspired hierarchical model (S1/C1/S2/C2), not gradient-trained",,,Zero - no trainable/learned parameters; S1 filters and S2 prototypes are fixed by construction,false,image,3,224,224,,,,,RGB tensor 3x224x224 -> S1/C1/S2/C2 activations (last 8 discovered submodules),"load_preprocess_images, image_size=224 (standard)",Hand-crafted Gabor-filter S1 layer -> C1 max-pooling -> S2 template matching against universal_patch_set.mat prototypes -> C2 max-pooling; no gradient-based training,,Brain-Score S3 storage; universal_patch_set.mat from the classic HMAX/Serre-lab lineage,"universal_patch_set.mat, SHA1 acc7316f...",,Submission code: MIT; original HMAX/Serre-lab code license unconfirmed,high,,,,,RGB tensor 3x224x224,S1/C1/S2/C2 activations (last 8 discovered submodules),
vision,mobilenet_v2_1_4_224,mobilenet_v2_1_4_224,Matthijs/mobilenet_v2_1.4_224 HF port (docstring incorrectly says 1.0_224),convolutional_neural_network,"CNN, inverted-residual/depthwise-separable (MobileNetV2), width x1.4",6100000,false,All MobileNetV2 layers trained during original TF training; loaded frozen for inference,false,image,3,224,224,,,supervised,Fully supervised (1001-class),RGB tensor 3x224x224 -> 1000-class logits (background class stripped from 1001) or intermediate activations,"load_preprocess_images, image_size=224 (standard)","HF MobileNetV2ForImageClassification loaded from Matthijs/mobilenet_v2_1.4_224 (originally TF, ported); forward hook strips background class (logits[:,1:]) to align 1001-class output to 1000 classes","ImageNet-1k, 1001-class TF-Slim-style training (background class included)","Hugging Face (Matthijs/mobilenet_v2_1.4_224, ported from original TF MobileNetV2 weights)",Matthijs/mobilenet_v2_1.4_224 (HF hub identifier),,"Submission code: MIT; HF weights license per Matthijs repo, unconfirmed",high,Cross-entropy classification (1001-class),Cross-entropy (1001-class),,Inference batch_size=4 explicitly set ('doesn't fit into 12GB GPU otherwise'); training batch size unconfirmed,RGB tensor 3x224x224,1000-class logits (background class stripped from 1001) or intermediate activations,
vision,pixels,pixels,,raw_pixels,,0,true,0,false,image,3,256,256,,,,,"image, single 'pixels' pseudo-layer – raw RGB array resized to 256x256x3 (196,608 values)","Convert image to RGB, resize to 256x256; no normalization applied",,,,,,MIT License (Brain-Score repo),,,,,,"image, single 'pixels' pseudo-layer – raw RGB array resized to 256x256x3 (196,608 values)",,
vision,pnasnet_large_halfPrecision,pnasnet_large_halfPrecision,"pnasnet5large.tf_in1k timm tag, cast to FP16",convolutional_neural_network,"CNN, NAS-derived cell-based architecture (Progressive NAS), FP16",86100000,false,"All PNASNet layers trained during original TF training; loaded frozen for inference (FP16 cast, not retrained)",false,image,3,331,331,,,supervised,Fully supervised,RGB tensor 3x331x331 (FP16) -> intermediate activations at cell_0-10 + global_pool,"load_preprocess_images, image_size=331, preprocess_type='inception'",timm pnasnet5large.tf_in1k loaded pretrained then cast to FP16 (.half()) for reduced memory/larger batch size; Inception-style preprocessing at 331x331,ImageNet-1k (original TF PNASNet training),timm / Ross Wightman (PyTorch port of original TF PNASNet weights),pnasnet5large.tf_in1k (timm hub identifier),,Submission code: MIT; timm weights: Apache 2.0,high,Cross-entropy classification,Cross-entropy,,Inference batch_size=8 explicitly set (FP16 allows larger batch); training batch size unconfirmed,RGB tensor 3x331x331 (FP16),intermediate activations at cell_0-10 + global_pool,
vision,ReAlnet01_cornet,ReAlnet01_cornet,"Base subject-1 EEG-aligned model, default visual_degrees=8 (per sibling fov4/12/16 registration code)",recurrent_convolutional_neural_network,"CNN+RNN hybrid (CORnet-S), recurrent with skip connections, EEG-aligned, default field of view",53416616,true,18 trainable layers (per metadata) out of 72 total - CORnet-S reuses weights across recurrent time steps,true,image,3,224,224,8,visual_degrees=8 (default; explicit sibling entries confirm base uses 8 while fov4/12/16 override it),supervised_neural_alignment,Supervised + neural-alignment supervision,"Activations at multiple CORnet-S recurrent time steps, mapped via time_mapping",,"CORnet-S fine-tuned via joint classification + EEG-encoding loss for subject 1, default visual_degrees=8, using CORnetCommitment with time_mapping for recurrent-timestep alignment",ImageNet-1k (CORnet-S base) + THINGS EEG2 human EEG data (subject 1),Brain-Score model zoo; Lu et al. 2024,,,Same as ReAlnet04,high,Joint classification + EEG-encoding loss,Cross-entropy + EEG-encoding alignment loss,,,"Activations at multiple CORnet-S recurrent time steps, mapped via time_mapping",,
vision,ReAlnet01_cornet_fov4,ReAlnet01_cornet_fov4,"Derivative of ReAlnet01_cornet (subject 1), registered at visual_degrees=4 instead of default 8",recurrent_convolutional_neural_network,"CNN+RNN hybrid (CORnet-S), recurrent with skip connections, EEG-aligned, narrow field of view",53416616,true,"Same weights as ReAlnet01_cornet (18 trainable per metadata); only the visual-degrees commitment differs, not the weights",true,image,3,224,224,4,"visual_degrees=4 (explicit, confirmed via __init__.py)",other,Same as ReAlnet01_cornet,"Same mechanism as ReAlnet01_cornet, narrower field of view",Same as ReAlnet01_cornet,"Subject-1 EEG-aligned CORnet-S (as in ReAlnet01_cornet), re-registered with visual_degrees=4 (narrower field of view) via CORnetCommitment",Same as ReAlnet01_cornet - ImageNet-1k + THINGS EEG2 (subject 1),Same as ReAlnet01_cornet,"Same weights as ReAlnet01_cornet, different visual_degrees registration",,Same as ReAlnet01_cornet,high,Same as ReAlnet01_cornet,Same as ReAlnet01_cornet,Same as ReAlnet01_cornet,Same as ReAlnet01_cornet,Same mechanism as ReAlnet01_cornet,narrower field of view,
vision,ReAlnet03_cornet,ReAlnet03_cornet,"Entry in ReAlnet_cornet folder - EEG-aligned to one of 10 subjects, per Lu et al. 2024",recurrent_convolutional_neural_network,"CNN+RNN hybrid (CORnet-S), recurrent with skip connections, EEG-aligned",53416616,true,All CORnet-S layers (18 trainable per metadata) updated during EEG-alignment fine-tuning,true,image,,,,,,supervised_neural_alignment,Supervised + neural-alignment supervision,Same as ReAlnet04,,"CORnet-S fine-tuned via joint classification + EEG-encoding loss, different subject than 04/01",ImageNet-1k + THINGS EEG2 human EEG data (Lu et al. 2024),Same as ReAlnet04/01,,,Same as ReAlnet04,medium,Joint classification + EEG-encoding loss,Cross-entropy + EEG-encoding alignment loss,,,Same as ReAlnet04,,
vision,ReAlnet04_cornet,ReAlnet04_cornet,"Entry in ReAlnet_cornet folder - EEG-aligned to one of 10 subjects, per Lu et al. 2024",recurrent_convolutional_neural_network,"CNN+RNN hybrid (CORnet-S), recurrent with skip connections, EEG-aligned",53416616,true,All CORnet-S layers (18 trainable per metadata) updated during EEG-alignment fine-tuning,true,image,,,,,,supervised_neural_alignment,Supervised (ImageNet) + neural-alignment supervision (EEG-encoding loss),"Activations at multiple CORnet-S recurrent time steps, mapped via time_mapping to neural recording timepoints",,CORnet-S fine-tuned via joint classification + EEG-encoding ('generation') loss to align internal representations with one subject's THINGS EEG2 data (Lu et al. 2024),ImageNet-1k (CORnet-S base pretraining) + THINGS EEG2 human EEG data (10 subjects) for alignment fine-tuning,Brain-Score model zoo; original CORnet-S + EEG-alignment training by Lu et al. 2024,,,Submission code: MIT; underlying research license unconfirmed,medium,Joint classification cross-entropy + EEG-encoding ('generation') loss to align representations,Cross-entropy + EEG-encoding alignment loss,,,"Activations at multiple CORnet-S recurrent time steps, mapped via time_mapping to neural recording timepoints",,
vision,Res2Net50_26w_4s,Res2Net50_26w_4s,pretrained=False at instantiation - no separate weight-loading step visible in this file,convolutional_neural_network,"CNN (Res2Net), multi-scale hierarchical residual connections within each block",25700000,false,,false,image,3,224,224,,,supervised,Fully supervised (assumed),RGB tensor 3x224x224 -> intermediate activations incl. fc,"load_preprocess_images, image_size=224 (standard)",Custom Res2Net-50 (26w-4s) instantiated with pretrained=False; no separate weight-loading step visible - may be running with random init unless helpers file loads weights internally,"ImageNet-1k (assumed, standard classification setting); not confirmed if pretrained weights actually loaded",Brain-Score S3 storage (checkpoint download not shown in this file); weights source unconfirmed,,,Submission code: MIT; original Res2Net repo: Apache 2.0,medium,,,,,RGB tensor 3x224x224,intermediate activations incl. fc,
vision,resnet-50-robust,resnet-50-robust,"Checkpoint ImageNet.pt, MadryLab robustness-library pattern (exact eps/norm not stated in file)",convolutional_neural_network,"CNN (ResNet-50), adversarially robust (norm/eps unconfirmed)",25600000,false,All ResNet-50 layers trained during external adversarial training; loaded frozen for inference,false,image,3,224,224,,,supervised,Supervised (adversarial training is still label-supervised),"RGB tensor 3x224x224 -> intermediate activations (avgpool is final scored layer, no fc)",Standard torchvision-style preprocessing implied; not explicit in this file (uses load_preprocess_images via functools import but preprocessing partial not shown),"torchvision resnet50() with randomly-init weights, loaded from a DataParallel-saved MadryLab-style checkpoint (module.model. prefix stripped, first 2 keys dropped) - robust training setting unconfirmed",ImageNet-1k (MadryLab-style adversarial training; exact variant unconfirmed),Brain-Score S3 storage; original training pattern matches MadryLab robustness library (exact authors unconfirmed for this specific checkpoint),"ImageNet.pt, SHA1 cc6e4441...",,Submission code: MIT; underlying weights license unconfirmed,medium,Adversarial + cross-entropy classification loss (exact norm/eps unconfirmed),"Cross-entropy (adversarial, exact variant unconfirmed)",,,RGB tensor 3x224x224,"intermediate activations (avgpool is final scored layer, no fc)",
vision,resnet152_imagenet_full,resnet152_imagenet_full,"Entry in shared 'scaling_models' folder - full (100%) ImageNet-1k variant, per metadata only",convolutional_neural_network,"CNN (ResNet-152), standard supervised baseline (scaling-law study)",60192808,true,All layers presumably trainable during original training; loaded frozen for inference,false,image,,,,,,supervised,Fully supervised,,,"Standard ResNet-152 (60,192,808 params) trained on presumably full ImageNet-1k as part of the same scaling-law study; exact training code not seen","ImageNet-1k (full, per scaling-law study naming convention; not explicit in metadata)",Brain-Score model zoo (scaling_models); original trainer unconfirmed,,,Submission code: MIT (assumed),medium,Cross-entropy classification (assumed),Cross-entropy (assumed),,,,,
vision,resnet50-moclr8deg,resnet50-moclr8deg,Checkpoint resnet50_moclr_linear_sdnoattn.pth,convolutional_neural_network,CNN (ResNet-50) with custom head; self-supervised MoCLR-pretrained features (inferred),25600000,false,All layers trained during external MoCLR self-supervised pretraining; loaded frozen (strict=False) for inference,false,image,3,224,224,,,self_supervised,Self-supervised pretrain (MoCLR) + linear probe,RGB tensor 3x224x224 -> intermediate activations at named layers incl. fc,"load_preprocess_images, image_size=224 (standard)",Custom ResNet-50 (attn_pool=False) loaded with MoCLR self-supervised linear-probe weights from Brain-Score S3; strict=False load; 224x224,"Self-supervised MoCLR pretraining dataset (likely ImageNet, per Tomasev et al. 2022 DeepMind paper - inferred, not stated in file)",Brain-Score S3 storage; underlying MoCLR pretraining likely Google DeepMind (Tomasev et al.) by naming convention,"resnet50_moclr_linear_sdnoattn.pth, SHA1 e09f117c...",,Submission code: MIT; underlying weights license unconfirmed,medium,"MoCLR contrastive self-supervised objective (external, not in this file)","Contrastive (MoCLR, external)",,,RGB tensor 3x224x224,intermediate activations at named layers incl. fc,
vision,resnet50-SIN,resnet50-SIN,Geirhos et al. 2019 model A weights,convolutional_neural_network,"CNN (ResNet), texture/shape-bias supervised training",25600000,false,All ResNet-50 layers trainable (60 epochs on SIN),false,image,3,224,224,,Commonly 8 degrees for Brain-Score ResNet-50 baselines (unconfirmed for this exact entry),supervised,"Fully supervised (1000-way classification, on SIN labels)",RGB tensor 3x224x224 -> 1000-class logits or intermediate activations,"Standard torchvision ImageNet preprocessing (resize/crop 224, ImageNet mean/std)","Standard ResNet-50 trained exclusively on Stylized-ImageNet (SIN) for 60 epochs, SGD momentum 0.9, weight decay 1e-4, LR 0.1 decayed x0.1 at epochs 20 and 40, batch size 256 (Geirhos et al. 2019, model A)",Stylized-ImageNet (SIN) only,Robert Geirhos / Bethge Lab,resnet50_train_60_epochs-c8e5653e.pth.tar,,,,Cross-entropy classification loss,Cross-entropy,"0.1, multiplied by 0.1 after 20 and 40 epochs",256,RGB tensor 3x224x224,1000-class logits or intermediate activations,
vision,resnet50-SIN_IN,resnet50-SIN_IN,Geirhos et al. 2019 model B weights,convolutional_neural_network,"CNN (ResNet), texture/shape-bias supervised training",25600000,false,All ResNet-50 layers trainable (45 epochs on combined SIN+IN),false,image,3,224,224,,Commonly 8 degrees for Brain-Score ResNet-50 baselines (unconfirmed for this exact entry),supervised,"Fully supervised (1000-way classification, on SIN+IN labels)",RGB tensor 3x224x224 -> 1000-class logits or intermediate activations,Standard torchvision ImageNet preprocessing,"Standard ResNet-50 trained jointly on combined SIN+IN for 45 epochs (~90 epochs-equivalent since the combined dataset is 2x size), same SGD recipe (Geirhos et al. 2019, model B)",Stylized-ImageNet (SIN) + ImageNet (IN) combined,Robert Geirhos / Bethge Lab,resnet50_train_45_epochs_combined_IN_SF-2a0d100e.pth.tar,,,,Cross-entropy classification loss,Cross-entropy,,256 (same PyTorch ImageNet training script),RGB tensor 3x224x224,1000-class logits or intermediate activations,
vision,resnet50-SIN_IN_IN,resnet50-SIN_IN_IN,Geirhos et al. 2019 model C weights (same underlying model as resnet_SIN_IN_FT_IN),convolutional_neural_network,"CNN (ResNet), texture/shape-bias supervised training",25600000,false,All ResNet-50 layers trainable across both training stages,false,image,3,224,224,,Commonly 8 degrees for Brain-Score ResNet-50 baselines (unconfirmed for this exact entry),supervised,Fully supervised (1000-way classification),RGB tensor 3x224x224 -> 1000-class logits or intermediate activations,Standard torchvision ImageNet preprocessing,"Model B (SIN+IN jointly trained) further fine-tuned on ImageNet alone for 60 epochs with LR decay after 30 epochs (Geirhos et al. 2019, model C) - same underlying model as resnet_SIN_IN_FT_IN","Stylized-ImageNet (SIN) + ImageNet (IN), then ImageNet fine-tune",Robert Geirhos / Bethge Lab,resnet50_finetune_60_epochs_lr_decay_after_30_start_resnet50_train_45_epochs_combined_IN_SF-ca06340c.pth.tar,,,,Cross-entropy classification loss,Cross-entropy,LR decay after 30 epochs during fine-tune stage (per repo); base LR schedule as in model B,256 (same PyTorch ImageNet training script),RGB tensor 3x224x224,1000-class logits or intermediate activations,
vision,resnet50-sup,resnet50-sup,"torchvision default pretrained ResNet-50 (pretrained=True API), used as supervised comparison baseline",convolutional_neural_network,"CNN (ResNet-50), standard torchvision architecture, supervised baseline",25600000,false,Backbone trained during original torchvision ImageNet training (external); loaded frozen for Brain-Score inference,false,image,3,224,224,,,supervised,Fully supervised (torchvision ImageNet-1k pretrained backbone) - explicitly the 'sup' (supervised) comparison baseline,RGB tensor 3x224x224 -> 1000-class logits or intermediate activations for Brain-Score API,"load_preprocess_images, image_size=224 (standard preprocessing)","Standard torchvision ResNet-50 (pretrained=True), used unmodified as a supervised comparison baseline (contrasted against the self-supervised VITO entries in the same model set)",ImageNet-1k (via torchvision pretrained=True weights),torchvision / PyTorch team,torchvision default pretrained checkpoint (pretrained=True),,Submission code: MIT (brain-score/vision repo license); torchvision weights: BSD-3-Clause,,Cross-entropy (inherited from original torchvision ImageNet training),Cross-entropy (inherited from original torchvision training),,,RGB tensor 3x224x224,1000-class logits or intermediate activations for Brain-Score API,
vision,resnet50-VITO-8deg-cc,resnet50-VITO-8deg-cc,"resnet50_vito_linear_sdattn.pth, SHA1 2103a1941017fdb5f58ac77e5587e7a73cd96bd8",convolutional_neural_network,CNN (ResNet-50) with custom attention-pooling head; self-supervised VITO-pretrained features,25600000,false,Backbone trained during original VITO pretraining (external); loaded frozen (strict=False) for Brain-Score inference,false,image,3,224,224,,,self_supervised,Self-supervised pretrain (VITO); linear/attention-pool readout on top of frozen features,RGB tensor 3x224x224 -> intermediate activations at named layers for Brain-Score API; classifier head not necessarily a trained ImageNet classifier given attn_pool architecture,"load_preprocess_images, image_size=224 (standard preprocessing, not Inception-style)",Custom ResNet-50 (attn_pool=True) loaded with VITO-pretrained weights (resnet50_vito_linear_sdattn.pth) fetched from Brain-Score's S3 storage; loaded with strict=False; evaluated at 224x224,"VITO self-supervised pretraining on image+video data (per arXiv:2210.06433); confirmed only via checkpoint filename convention, not stated in the submission code itself","Hosted on Brain-Score's own S3 storage (brainscore-storage bucket); underlying VITO pretraining attributed to Parthasarathy et al. / Google DeepMind by naming convention, not stated in code","resnet50_vito_linear_sdattn.pth, SHA1 2103a1941017fdb5f58ac77e5587e7a73cd96bd8",,Submission code: MIT (brain-score/vision repo license); underlying VITO weights license unconfirmed,,,,,,RGB tensor 3x224x224,intermediate activations at named layers for Brain-Score API; classifier head not necessarily a trained ImageNet classifier given attn_pool architecture,
vision,resnet50-vitoimagevidnet8,resnet50-vitoimagevidnet8,Same checkpoint file+hash as resnet50-VITO-8deg-cc: resnet50_vito_linear_sdattn.pth (SHA1 2103a19...) - i.e. identical trained weights registered under a second identifier,convolutional_neural_network,CNN (ResNet-50) with custom attention-pooling head; self-supervised VITO-pretrained features,25600000,false,Backbone trained during original VITO pretraining (external); loaded frozen (strict=False) for Brain-Score inference - no training occurs in this submission,false,image,3,224,224,,,self_supervised,Self-supervised pretrain (VITO); linear/attention-pool readout on top of frozen features,RGB tensor 3x224x224 -> intermediate activations at named layers (conv1/layer1-4/avgpool/avgpool2/fc) for Brain-Score API; classifier head not necessarily a trained ImageNet classifier given attn_pool architecture,"load_preprocess_images, image_size=224 (standard preprocessing, not Inception-style)","Custom ResNet-50 (attn_pool=True) loaded with VITO-pretrained weights (resnet50_vito_linear_sdattn.pth) fetched from Brain-Score's S3 storage; loaded with strict=False; evaluated at 224x224. Identical checkpoint to resnet50-VITO-8deg-cc, registered as a separate model identifier.","VITO self-supervised pretraining on image+video data (per arXiv:2210.06433); confirmed only via checkpoint filename convention, not stated in the submission code itself","Hosted on Brain-Score's own S3 storage (brainscore-storage bucket); underlying VITO pretraining attributed to Parthasarathy et al. / Google DeepMind by naming convention, not stated in code","resnet50_vito_linear_sdattn.pth, SHA1 2103a1941017fdb5f58ac77e5587e7a73cd96bd8 (identical file to resnet50-VITO-8deg-cc)",,Submission code: MIT (brain-score/vision repo license); underlying VITO weights license unconfirmed,,,,,,RGB tensor 3x224x224,intermediate activations at named layers (conv1/layer1-4/avgpool/avgpool2/fc) for Brain-Score API; classifier head not necessarily a trained ImageNet classifier given attn_pool architecture,
vision,resnet50_ewconplus_wzc,resnet50_ewconplus_wzc,"Checkpoint resnet50_ewcon+_wzc_checkpoint_89.pth (epoch 89), user-submitted (S3 path user_672)",convolutional_neural_network,"CNN (ResNet-50), custom checkpoint; possible EWC-style continual-learning regularization (unconfirmed)",25600000,false,All layers trained during external fine-tuning (through epoch 89); loaded frozen for inference,false,image,3,224,224,,,supervised,Fully supervised,RGB tensor 3x224x224 (unnormalized) -> intermediate activations,"Custom Compose: Resize(224,224) -> ToTensor -> unsqueeze; NO normalization applied (real difference from other entries)","torchvision resnet50() loaded from a custom user-submitted checkpoint (epoch 89, DataParallel-stripped); custom preprocessing with NO ImageNet mean/std normalization applied","ImageNet-1k (assumed, standard classification checkpoint); training_dataset not stated in file",Individual Brain-Score user submission (S3 path user_672),resnet50_ewcon+_wzc_checkpoint_89.pth,,Submission code: MIT (assumed),medium,,,,,RGB tensor 3x224x224 (unnormalized),intermediate activations,
vision,resnet50_imagenet_full,resnet50_imagenet_full,"Entry in shared 'scaling_models' folder - full (100%) ImageNet-1k variant, per metadata only",convolutional_neural_network,"CNN (ResNet-50), standard supervised baseline (scaling-law study)",25557032,true,All layers presumably trainable during original training; loaded frozen for inference,false,image,,,,,,supervised,Fully supervised,,,"Standard ResNet-50 (25,557,032 params) trained on presumably full ImageNet-1k as part of a scaling-law study; exact training code not seen","ImageNet-1k (full, per scaling-law study naming convention; not explicit in metadata)",Brain-Score model zoo (scaling_models); original trainer unconfirmed,,,Submission code: MIT (assumed),medium,Cross-entropy classification (assumed),Cross-entropy (assumed),,,,,
vision,resnet50_robust_l2_eps1,resnet50_robust_l2_eps1,"Checkpoint resnet50_l2_eps1.ckpt, MadryLab robustness-library pattern (L2-PGD, eps=1.0 per filename/prior lit)",convolutional_neural_network,"CNN (ResNet-50), adversarially robust (L2-PGD)",25600000,false,All ResNet-50 layers trained during MadryLab adversarial training (external); loaded frozen for Brain-Score inference,false,image,3,224,224,,,supervised,Supervised (adversarial training is still label-supervised),RGB tensor 3x224x224 -> 1000-class logits or intermediate activations,"load_preprocess_images, image_size=224 (standard)","torchvision resnet50() with randomly-init weights, loaded from MadryLab-style checkpoint (attacker keys filtered, 'model.' prefix stripped) - L2-PGD adversarial training at eps=1.0",ImageNet-1k (MadryLab robustness-library adversarial training),Brain-Score S3 storage; original training by Engstrom/Ilyas/Salman/Santurkar/Tsipras (MadryLab),"resnet50_l2_eps1.ckpt, SHA1 c75d68b7...",,Submission code: MIT (brain-score/vision repo license); MadryLab robustness library: MIT,high,Adversarial (PGD L2) + cross-entropy classification loss,Cross-entropy (adversarial/PGD-augmented),,,RGB tensor 3x224x224,1000-class logits or intermediate activations,
vision,resnet50_tutorial,resnet50_tutorial,"torchvision default pretrained ResNet-50 (pretrained=True API), Brain-Score's official tutorial/example submission",convolutional_neural_network,"CNN (ResNet-50), standard torchvision architecture, official tutorial baseline",25600000,false,Backbone trained during original torchvision ImageNet training (external); loaded frozen for Brain-Score inference,false,image,3,224,224,,,supervised,Fully supervised (torchvision ImageNet-1k pretrained backbone),RGB tensor 3x224x224 -> 1000-class logits or intermediate activations for Brain-Score API,"load_preprocess_images, image_size=224 (standard preprocessing)","Standard torchvision ResNet-50 (pretrained=True), used unmodified as Brain-Score's official example submission; code contains explicit onboarding comments for new model submitters",ImageNet-1k (via torchvision pretrained=True weights),torchvision / PyTorch team,torchvision default pretrained checkpoint (pretrained=True),,Submission code: MIT (brain-score/vision repo license); torchvision weights: BSD-3-Clause,,Cross-entropy (inherited from original torchvision ImageNet training),Cross-entropy (inherited from original torchvision training),,,RGB tensor 3x224x224,1000-class logits or intermediate activations for Brain-Score API,
vision,resnet_50_v1,resnet_50_v1,"torchvision ResNet50_Weights.IMAGENET1K_V1, used as the non-spiking control paired with resnet_50_v1_spiking",convolutional_neural_network,"CNN (ResNet-50), standard torchvision architecture",25600000,false,Backbone trained during original torchvision ImageNet training (external); loaded frozen for Brain-Score inference,false,image,3,224,224,,,supervised,Fully supervised (torchvision ImageNet-1k pretrained backbone),RGB tensor 3x224x224 -> intermediate activations for Brain-Score API (fc layer not included in scored layer list),"load_preprocess_images, image_size=224 (standard preprocessing)","Standard torchvision ResNet-50 (IMAGENET1K_V1), used unmodified; paired with resnet_50_v1_spiking as the non-spiking control for a direct before/after comparison",ImageNet-1k (via torchvision IMAGENET1K_V1 weights),torchvision / PyTorch team (IMAGENET1K_V1 checkpoint),torchvision IMAGENET1K_V1 checkpoint,,Submission code: MIT (brain-score/vision repo license); torchvision weights: BSD-3-Clause,,Cross-entropy (inherited from original torchvision ImageNet training),Cross-entropy (inherited from original torchvision training),,,RGB tensor 3x224x224,intermediate activations for Brain-Score API (fc layer not included in scored layer list),
vision,resnet_50_v1_spiking,resnet_50_v1_spiking,torchvision IMAGENET1K_V1 backbone + non-trainable spikingjelly IFNode readout; no additional training performed,convolutional_neural_network,CNN (ResNet-50) with a single spiking (IFNode) readout layer inserted before the classifier - not a full spiking-network conversion,25600000,false,Backbone trained during original torchvision ImageNet training (external); loaded frozen for Brain-Score inference; spiking IFNode has zero trainable parameters,false,image,3,224,224,,,supervised,Fully supervised (inherited from torchvision ImageNet-1k pretrained backbone),RGB tensor 3x224x224 -> 1000-class logits (after spiking readout) or intermediate activations for Brain-Score API,"load_preprocess_images, image_size=224 (standard preprocessing)","Standard torchvision ResNet-50 (IMAGENET1K_V1), all conv/BN/ReLU layers unchanged; a spikingjelly IFNode (Integrate-and-Fire neuron, no trainable params) inserted after avgpool and before fc; no additional training - spiking layer applied at inference only, on top of the frozen pretrained backbone",ImageNet-1k (via torchvision IMAGENET1K_V1 pretrained weights),torchvision / PyTorch team (IMAGENET1K_V1 checkpoint); spikingjelly readout added by the Brain-Score submitter,torchvision IMAGENET1K_V1 checkpoint (standard torchvision hub download),,Submission code: MIT (brain-score/vision repo license); torchvision weights: BSD-3-Clause; SpikingJelly: per its own repo license (not confirmed here),,Cross-entropy (inherited from original torchvision ImageNet training); no additional loss used in this submission,Cross-entropy (inherited from original torchvision training); no additional loss applied in this submission,,,RGB tensor 3x224x224,1000-class logits (after spiking readout) or intermediate activations for Brain-Score API,
vision,resnet_50_v2,resnet_50_v2,"torchvision ResNet50_Weights.IMAGENET1K_V2 (improved training-recipe checkpoint, ~80.9% top-1)",convolutional_neural_network,"CNN (ResNet-50), standard torchvision architecture",25600000,false,Backbone trained during original torchvision ImageNet V2 training (external); loaded frozen for Brain-Score inference,false,image,3,224,224,,,supervised,Fully supervised (inherited from torchvision ImageNet-1k pretrained backbone),RGB tensor 3x224x224 -> 1000-class logits or intermediate activations for Brain-Score API,"load_preprocess_images, image_size=224, preprocess_type='inception' - Inception-style normalization, differs from sibling ResNet-50 entries that use standard normalization","Standard torchvision ResNet-50 loaded with IMAGENET1K_V2 weights; uses Inception-style preprocessing (preprocess_type='inception'), which differs from the mean/std normalization used by sibling ResNet-50 Brain-Score entries",ImageNet-1k (via torchvision IMAGENET1K_V2 pretrained weights),torchvision / PyTorch team (IMAGENET1K_V2 checkpoint),torchvision IMAGENET1K_V2 checkpoint (standard torchvision hub download),,Submission code: MIT (brain-score/vision repo license); torchvision weights: BSD-3-Clause,,Cross-entropy (inherited from original torchvision ImageNet training),Cross-entropy (inherited from original torchvision training),,,RGB tensor 3x224x224,1000-class logits or intermediate activations for Brain-Score API,
vision,resnet_SIN_IN_FT_IN,resnet_SIN_IN_FT_IN,Geirhos et al. 2019 model C weights,convolutional_neural_network,"CNN (ResNet), texture/shape-bias supervised training",25600000,false,All ResNet-50 layers trainable across both training stages,false,image,3,224,224,,Commonly 8 degrees for Brain-Score ResNet-50 baselines (unconfirmed for this exact entry),supervised,Fully supervised (1000-way classification),RGB tensor 3x224x224 -> 1000-class logits or intermediate activations (Brain-Score API),"Standard torchvision ImageNet preprocessing (resize/crop 224, ImageNet mean/std)","Standard ResNet-50 architecture trained on combined Stylized-ImageNet (SIN) + ImageNet (IN) for 45 epochs, then fine-tuned on ImageNet alone for 60 epochs with LR decay after 30 epochs (Geirhos et al. 2019, model C)","Stylized-ImageNet (SIN) + ImageNet (IN), then ImageNet fine-tune",Robert Geirhos / Bethge Lab (rgeirhos/texture-vs-shape),resnet50_finetune_60_epochs_lr_decay_after_30_start_resnet50_train_45_epochs_combined_IN_SF-ca06340c.pth.tar,,,,Cross-entropy classification loss,Cross-entropy,"0.1, multiplied by 0.1 after 20 and 40 epochs (SIN stage); fine-tune stage LR decay after 30 epochs",256,RGB tensor 3x224x224,1000-class logits or intermediate activations (Brain-Score API),
vision,resnext101_32x16d_wsl,resnext101_32x16d_wsl,"WSL weights, ECCV 2018 release",convolutional_neural_network,CNN - grouped/aggregated residual transformations (ResNeXt),193000000,false,All ResNeXt-101 layers trainable (both pretrain and fine-tune stages),false,image,3,224,224,,,weakly_supervised,Weakly-supervised pretrain (hashtags) -> supervised fine-tune,RGB tensor 3x224x224 -> 1000-class logits,"Resize/crop 224, normalize mean=[0.485,0.456,0.406] std=[0.229,0.224,0.225]",Same WSL Instagram pretraining pipeline -> fine-tuned on ImageNet-1K,940M Instagram images w/ 1.5K hashtags (weak supervision) -> ImageNet-1K (fine-tune),Facebook AI Research (facebookresearch/WSL-Images),ig_resnext101_32x16-c6f796b0.pth,,CC-BY-NC 4.0,,Cross-entropy classification loss,Cross-entropy,,,RGB tensor 3x224x224,1000-class logits,
vision,resnext101_32x32d_wsl,resnext101_32x32d_wsl,"WSL weights, ECCV 2018 release",convolutional_neural_network,CNN - grouped/aggregated residual transformations (ResNeXt),466000000,false,All ResNeXt-101 layers trainable (both pretrain and fine-tune stages),false,image,3,224,224,,,weakly_supervised,Weakly-supervised pretrain (hashtags) -> supervised fine-tune,RGB tensor 3x224x224 -> 1000-class logits,"Resize/crop 224, normalize mean=[0.485,0.456,0.406] std=[0.229,0.224,0.225]",Same WSL Instagram pretraining pipeline -> fine-tuned on ImageNet-1K,940M Instagram images w/ 1.5K hashtags (weak supervision) -> ImageNet-1K (fine-tune),Facebook AI Research (facebookresearch/WSL-Images),ig_resnext101_32x32-e4b90b00.pth,,CC-BY-NC 4.0,,Cross-entropy classification loss,Cross-entropy,,,RGB tensor 3x224x224,1000-class logits,
vision,resnext101_32x48d_wsl,resnext101_32x48d_wsl,"WSL weights, ECCV 2018 release",convolutional_neural_network,CNN - grouped/aggregated residual transformations (ResNeXt),829000000,false,All ResNeXt-101 layers trainable (both pretrain and fine-tune stages),false,image,3,224,224,,,weakly_supervised,Weakly-supervised pretrain (hashtags) -> supervised fine-tune,RGB tensor 3x224x224 -> 1000-class logits,"Resize/crop 224, normalize mean=[0.485,0.456,0.406] std=[0.229,0.224,0.225]",Pretrained via weakly-supervised learning on 940M Instagram images matched to 1.5K hashtags aligned with ImageNet-1K synsets -> fine-tuned end-to-end on ImageNet-1K,940M Instagram images w/ 1.5K hashtags (weak supervision) -> ImageNet-1K (fine-tune),Facebook AI Research (facebookresearch/WSL-Images),ig_resnext101_32x48-3e41cc8a.pth,,CC-BY-NC 4.0,,"Cross-entropy classification loss (hashtag prediction pretrain, label classification fine-tune)",Cross-entropy,,,RGB tensor 3x224x224,1000-class logits,
vision,Resnext101_32x8d,resnext101_32x8d_wsl,,convolutional_neural_network,Convolutional Neural Network,88791336,true,101,false,image,3,224,224,,,weakly_supervised,Fully supervised (NOTE: Brain-Score's actual resnext101_32x8d_wsl plugin is weakly-supervised – Instagram hashtags + ImageNet fine-tune),"RGB tensor 224x224, 1000-class logits.","Resize, center-crop, rescale, normalize mean, std","resnext101_32x8d_wsl (weakly-supervised), not plain torchvision resnext101_32x8d.",ImageNet(actual Brain-Score resnext101_32x8d_wsl plugin is pretrained on ~1B Instagram images then fine-tuned on ImageNet.),torchvision,ResNeXt101_32X8D_Weights.IMAGENET1K_V1 / IMAGENET1K_V2,,BSD-3-Clause (torchvision code and weights),,"1,000-class image classification",Cross-Entropy loss,V1 (as actually trained by torchvision): lr=0.4. V2: exact resnext-specific LR not published.,V1: 1024 total (16/GPU × 64 GPUs). V2: not specifically published for this model.,"RGB tensor 224x224, 1000-class logits.",,
vision,resnext101_32x8d_wsl,resnext101_32x8d_wsl,"WSL weights, ECCV 2018 release",convolutional_neural_network,CNN - grouped/aggregated residual transformations (ResNeXt),88000000,false,All ResNeXt-101 layers trainable (both pretrain and fine-tune stages),false,image,3,224,224,,,weakly_supervised,Weakly-supervised pretrain (hashtags) -> supervised fine-tune,RGB tensor 3x224x224 -> 1000-class logits,"Resize/crop 224, normalize mean=[0.485,0.456,0.406] std=[0.229,0.224,0.225]",Same WSL Instagram pretraining pipeline -> fine-tuned on ImageNet-1K (smallest-width WSL variant),940M Instagram images w/ 1.5K hashtags (weak supervision) -> ImageNet-1K (fine-tune),Facebook AI Research (facebookresearch/WSL-Images),ig_resnext101_32x8-c38310e5.pth,,CC-BY-NC 4.0,,Cross-entropy classification loss,Cross-entropy,,,RGB tensor 3x224x224,1000-class logits,
vision,shufflenet_v2_x1_0,shufflenet_v2_x1_0,IMAGENET1K_V1 (torchvision),convolutional_neural_network,Efficient CNN with channel split + channel shuffle operations,2300000,false,All ShuffleNetV2 stages trainable in released checkpoint,false,image,3,224,224,,,supervised,Supervised (1000-way classification),RGB tensor 3x224x224 -> 1000-class logits,"Resize 256 -> center crop 224, normalize ImageNet mean/std",Input split into two channel branches -> depthwise conv on one branch -> channel shuffle to mix information -> concat -> repeated across stages; trained directly on ImageNet-1k,ImageNet-1k (trained directly),torchvision / PyTorch team,IMAGENET1K_V1 torchvision checkpoint,,BSD-3-Clause (torchvision),,Cross-entropy classification loss,Cross-entropy,,,RGB tensor 3x224x224,1000-class logits,
vision,swin_small_patch4_window7_224:ms_in22k_ft_in1k,swin_small_patch4_window7_224:ms_in22k_ft_in1k,"ms_in22k_ft_in1k tag (Microsoft weights, timm port)",vision_transformer,Hierarchical shifted-window Vision Transformer,49600000,false,All Swin transformer stages/blocks trainable in released checkpoint,false,image,3,224,224,,,supervised,Supervised (1000-way classification),RGB tensor 3x224x224 -> 1000-class logits,"timm auto-resolved transform: resize/crop 224px, ImageNet mean/std",Patchify (4x4) -> 4-stage hierarchical transformer with shifted local-window self-attention (window 7) -> pretrained on ImageNet-22k -> fine-tuned on ImageNet-1k,ImageNet-22k (pretrain) -> ImageNet-1k (fine-tune),Microsoft (original Swin-Transformer) -> ported to timm by Ross Wightman,ms_in22k_ft_in1k safetensors checkpoint on HF repo,,Apache 2.0 (timm) / MIT (original Microsoft Swin-Transformer repo),,Cross-entropy classification loss,Cross-entropy,,,RGB tensor 3x224x224,1000-class logits,
vision,vit_base_patch16_clip_224:openai_ft_in1k,vit_base_patch16_clip_224:openai_ft_in1k,openai_ft_in1k (timm tag),vision_transformer,Vision Transformer / CLIP image encoder,86600000,false,"12 transformer layers, 12 heads, hidden_dim 768 (standard ViT-B/16 config)",false,image,3,224,224,,,weakly_supervised,"Pretrain: weakly-supervised contrastive (natural-language supervision, no manual class labels); Fine-tune: fully supervised classification","Input: RGB (3,224,224) normalized; Output: 1000-way logits or (1,197,768) unpooled feature tensor","224x224 resize/crop, CLIP normalization mean=[0.4815,0.4578,0.4082] std=[0.2686,0.2613,0.2758]",OpenAI contrastive image-text pretrain on WIT-400M (CLIP) -> fine-tuned on ImageNet-1k in timm (Cherti et al. 2022 scaling-laws recipe),"Pretrain: WIT-400M (OpenAI's private 'WebImageText', 400M image-text pairs); Fine-tune: ImageNet-1k","OpenAI (pretrain) + timm/Ross Wightman (fine-tune), hosted on Hugging Face","timm/vit_base_patch16_clip_224.openai_ft_in1k (HF Hub, safetensors)",,Apache-2.0 (as distributed by timm on HF); original OpenAI CLIP GitHub repo code is MIT-licensed (distinct from this checkpoint's stated license),,Pretrain: symmetric contrastive InfoNCE loss between image/text embeddings; Fine-tune: cross-entropy classification,CLIP symmetric contrastive cross-entropy over cosine similarities w/ learned temperature (pretrain) + cross-entropy (fine-tune),"Pretrain (CLIP paper, ViT variants): ~5e-4 w/ cosine decay + 2000-step warmup; fine-tune-stage LR not publicly documented","Pretrain (CLIP paper): 32,768 global batch; fine-tune-stage batch size not publicly documented","RGB (3,224,224) normalized","1000-way logits or (1,197,768) unpooled feature tensor",
vision,vit_huge_patch14_clip_224:laion2b_ft_in12k_in1k,vit_huge_patch14_clip_224:laion2b_ft_in12k_in1k,laion2b_ft_in12k_in1k (timm tag),vision_transformer,Vision Transformer / CLIP image encoder,632000000,false,"32 transformer layers, hidden_dim 1280, 16 heads, MLP 5120 (standard ViT-H/14 config)",false,image,3,224,224,,,weakly_supervised,"Pretrain: weakly-supervised contrastive (image-text pairs, no manual labels); Fine-tune: fully supervised classification","Input: RGB (3,224,224); Output: 1000-way logits or unpooled (1,257,1280) feature tensor for embeddings","224x224 resize/crop, CLIP-style normalization via timm.data.resolve_model_data_config","Contrastive image-text pretrain on LAION-2B (OpenCLIP) -> intermediate fine-tune on ImageNet-12k -> final fine-tune on ImageNet-1k (timm, per Cherti et al. 2022 scaling-laws recipe)",Pretrain: LAION-2B (English subset of LAION-5B) via OpenCLIP; Fine-tune: ImageNet-12k then ImageNet-1k,"LAION/OpenCLIP (pretrain) + timm/Ross Wightman (fine-tune), hosted on Hugging Face","timm/vit_huge_patch14_clip_224.laion2b_ft_in12k_in1k (HF Hub, safetensors)",,Apache-2.0,,Pretrain: contrastive InfoNCE loss (image-text similarity); Fine-tune: cross-entropy classification,Contrastive CLIP/InfoNCE loss (pretrain) + cross-entropy (fine-tune stages),,"Pretrain global batch 79,000 (per OpenCLIP b79k name); fine-tune batch size not documented","RGB (3,224,224)","1000-way logits or unpooled (1,257,1280) feature tensor for embeddings",
vision,ViT_L_32_imagenet1k,ViT_L_32_imagenet1k,IMAGENET1K_V1 (only weight version for vit_l_32 in torchvision),vision_transformer,Vision Transformer (image classification),306535400,true,"24 encoder layers, 16 attention heads, hidden_dim 1024, MLP dim 4096",false,image,3,224,224,,,supervised,"Fully supervised, single-label 1000-way classification",Input: RGB tensor 3x224x224 normalized; Output: 1000-class logits,"Resize 256 (bilinear) -> center crop 224 -> scale [0,1] -> normalize mean=[0.485,0.456,0.406], std=[0.229,0.224,0.225]","Trained from scratch on ImageNet-1k: AdamW, 300 epochs, cosine LR w/ linear warmup, RandAugment, Mixup+CutMix, label smoothing, EMA (modified DeiT recipe)","ImageNet-1k only (ILSVRC-2012, 1000 classes); single-stage training, no separate pretraining corpus","PyTorch/torchvision (PyTorch Foundation, originally Meta AI)","vit_l_32-c7638314.pth, hosted at download.pytorch.org/models/",,BSD-3-Clause (torchvision repository license),,Cross-entropy classification with label smoothing (0.11) + Mixup(a=0.2)/CutMix(a=1.0),"Cross-entropy w/ label smoothing 0.11, combined with mixup/cutmix","0.003 (AdamW), cosine annealing, 30-epoch linear warmup, warmup-decay 0.033",512 global (8 nodes x 8 GPUs x 64/GPU),RGB tensor 3x224x224 normalized,1000-class logits,
vision,vit_large_patch14_clip_224:laion2b_ft_in12k_in1k,vit_large_patch14_clip_224:laion2b_ft_in12k_in1k,"OpenCLIP LAION-2B ViT-L/14 checkpoint, timm two-stage fine-tune at 224px",vision_transformer,"Vision Transformer (ViT-L/14), CLIP image encoder",304200000,false,24 transformer blocks; full fine-tune assumed,false,image,3,224,224,,,contrastive_pretrain_supervised_finetune,Contrastive pretrain + two-stage supervised fine-tune,"Input: RGB (B,3,224,224); Output: 1000-way logits or (B,257,1024) unpooled tokens / pooled embedding","224x224, crop_pct 1.0, bicubic; OpenCLIP LAION normalization stats",OpenCLIP contrastive pretrain on LAION-2B -> supervised fine-tune on ImageNet-12k -> further fine-tune on ImageNet-1k,"Stage1: LAION-2B-en (2.3B pairs); Stage2: ImageNet-12k (11,821 classes); Stage3: ImageNet-1k","Hugging Face Hub, timm org",timm/vit_large_patch14_clip_224.laion2b_ft_in12k_in1k,,Apache-2.0 (HF tag); LAION-2B metadata CC-BY 4.0,,Contrastive InfoNCE (pretrain) + classification loss(es) (both fine-tune stages),"Contrastive (pretrain) + cross-entropy classification (both fine-tune stages, inferred)",,,"RGB (B,3,224,224)","1000-way logits or (B,257,1024) unpooled tokens / pooled embedding",
vision,vit_large_patch14_clip_224:laion2b_ft_in1k,vit_large_patch14_clip_224:laion2b_ft_in1k,"OpenCLIP LAION-2B ViT-L/14 checkpoint, timm fine-tune at 224px",vision_transformer,"Vision Transformer (ViT-L/14), CLIP image encoder",304200000,false,24 transformer blocks; full fine-tune assumed,false,image,3,224,224,,,contrastive_pretrain_supervised_finetune,Contrastive pretrain + supervised fine-tune,"Input: RGB (B,3,224,224); Output: 1000-way logits or (B,257,1024) unpooled tokens / pooled embedding","224x224, crop_pct 1.0, bicubic; OpenCLIP LAION normalization stats",OpenCLIP contrastive pretrain on LAION-2B -> direct supervised fine-tune on ImageNet-1k at 224px (no IN-12k stage),Stage1: LAION-2B-en (2.3B pairs); Stage2: ImageNet-1k,"Hugging Face Hub, timm org",timm/vit_large_patch14_clip_224.laion2b_ft_in1k,,Apache-2.0 (HF tag); LAION-2B metadata CC-BY 4.0,,Contrastive InfoNCE (pretrain) + classification loss (fine-tune),"Contrastive (pretrain) + cross-entropy (fine-tune, inferred)",,,"RGB (B,3,224,224)","1000-way logits or (B,257,1024) unpooled tokens / pooled embedding",
vision,vit_large_patch14_clip_224:openai_ft_in12k_in1k,vit_large_patch14_clip_224:openai_ft_in12k_in1k,"OpenAI CLIP ViT-L/14 (224px), released January 2022",vision_transformer,"Vision Transformer (ViT-L/14), CLIP image encoder",304200000,false,24 transformer blocks; full fine-tune assumed,false,image,3,224,224,,,contrastive_pretrain_supervised_finetune,Contrastive pretrain + two-stage supervised fine-tune,"Input: RGB (B,3,224,224); Output: 1000-way logits or (B,257,1024) unpooled tokens / pooled embedding","224x224, crop_pct 1.0, bicubic; OpenAI CLIP normalization stats",CLIP contrastive pretrain on WIT-400M -> supervised fine-tune on ImageNet-12k -> further fine-tune on ImageNet-1k,"Stage1: WIT-400M; Stage2: ImageNet-12k (11,821 classes); Stage3: ImageNet-1k","Hugging Face Hub, timm org",timm/vit_large_patch14_clip_224.openai_ft_in12k_in1k,,"Apache-2.0 (HF tag), same OpenAI nuance",,CLIP contrastive loss + classification loss(es) for IN-12k and IN-1k stages,"Contrastive (pretrain) + cross-entropy classification (IN-12k and IN-1k stages, inferred)",,,"RGB (B,3,224,224)","1000-way logits or (B,257,1024) unpooled tokens / pooled embedding",
vision,vit_large_patch14_clip_224:openai_ft_in1k,vit_large_patch14_clip_224:openai_ft_in1k,"Original OpenAI CLIP ViT-L/14 (224px), released January 2022",vision_transformer,"Vision Transformer (ViT-L/14), CLIP image encoder",304200000,false,24 transformer blocks; full fine-tune assumed,false,image,3,224,224,,,contrastive_pretrain_supervised_finetune,Contrastive pretrain + supervised fine-tune,"Input: RGB (B,3,224,224); Output: 1000-way logits or (B,257,1024) unpooled tokens / pooled embedding","224x224, crop_pct 1.0, bicubic; OpenAI CLIP normalization stats",CLIP contrastive pretrain on WIT-400M -> direct supervised fine-tune on ImageNet-1k (no IN-12k stage),Stage1: WIT-400M (OpenAI); Stage2: ImageNet-1k,"Hugging Face Hub, timm org",timm/vit_large_patch14_clip_224.openai_ft_in1k,,"Apache-2.0 (HF tag), same OpenAI MIT-code / research-intent nuance",,CLIP contrastive loss + classification loss (fine-tune),"Contrastive (pretrain) + cross-entropy (fine-tune, inferred)",,,"RGB (B,3,224,224)","1000-way logits or (B,257,1024) unpooled tokens / pooled embedding",
vision,vit_large_patch14_clip_336:laion2b_ft_in1k,vit_large_patch14_clip_336:laion2b_ft_in1k,"OpenAI CLIP ViT-L/14@336px, released April 2022",vision_transformer,"Vision Transformer (ViT-L/14), CLIP image encoder",304500000,false,"24 transformer blocks (ViT-L std depth); full-model fine-tune assumed, exact schedule undocumented",false,image,3,336,336,,,contrastive_pretrain_supervised_finetune,Contrastive pretrain + supervised fine-tune,"Input: RGB (B,3,336,336), CLIP-normalized; Output: 1000-way logits or (B,577,1024) unpooled tokens / pooled embedding","336x336, crop_pct 1.0, bicubic; CLIP normalization (mean~[0.4815,0.4578,0.4082], std~[0.2686,0.2613,0.2758])",CLIP contrastive image-text pretrain on WIT-400M (OpenAI) -> supervised fine-tune on ImageNet-12k -> supervised fine-tune on ImageNet-1k (timm),"Stage1: WIT-400M (OpenAI, ~400M image-text pairs, proprietary); Stage2: ImageNet-12k (11,821-class subset); Stage3: ImageNet-1k","Hugging Face Hub, timm (Ross Wightman)","timm/vit_large_patch14_clip_336.openai_ft_in12k_in1k (HF Hub, safetensors)",,Apache-2.0 (HF tag); underlying OpenAI CLIP code MIT-licensed; ImageNet data has own non-commercial research terms,,CLIP stage: symmetric InfoNCE contrastive loss; fine-tune stage: supervised classification loss,Contrastive (CLIP stage) + cross-entropy classification (fine-tune stage),,,"RGB (B,3,336,336), CLIP-normalized","1000-way logits or (B,577,1024) unpooled tokens / pooled embedding",
vision,vit_relpos_base_patch16_clsgap_224:sw_in1k,vit_relpos_base_patch16_clsgap_224:sw_in1k,"Base, patch16, 224px, class token retained alongside GAP head ('clsgap')",vision_transformer,"ViT w/ relative log-coord position embeddings, standard pre-norm blocks (RelPosBlock), class token + GAP combined",86400000,false,"12 blocks (RelPosBlock), 12 attention heads",false,image,3,224,224,,,supervised,Fully supervised classification,"Input: RGB tensor 3x224x224; Output: 1000-class logits or (1,197,768) unpooled tokens (196 patches + 1 class token)","crop_pct~0.9, bicubic interpolation, normalize mean=std=(0.5,0.5,0.5)",Single-stage supervised training from scratch on ImageNet-1k using timm's 'sw' (Swin-derived) recipe,ImageNet-1k only,Ross Wightman / timm,vit_relpos_base_patch16_gapcls_224-sw-1a341d6c.pth (note: filename order 'gapcls' vs published ID 'clsgap'),,Apache-2.0,,1000-way classification via cross-entropy,"Cross-entropy, likely with label smoothing (inferred)",,,RGB tensor 3x224x224,"1000-class logits or (1,197,768) unpooled tokens (196 patches + 1 class token)",
vision,vit_relpos_base_patch32_plus_rpn_256:sw_in1k,vit_relpos_base_patch32_plus_rpn_256:sw_in1k,"Base 'plus' (embed_dim 896, wider than standard Base-768), patch32, 256px",vision_transformer,"ViT w/ relative log-coord position embeddings (Swin V2-style) + residual post-norm blocks, no class token, GAP head",119400000,false,"12 blocks (ResPostRelPosBlock), 14 attention heads",false,image,3,256,256,,,supervised,Fully supervised classification,"Input: RGB tensor 3x256x256; Output: 1000-class logits or (1,64,896) unpooled tokens","crop_pct~0.9, bicubic interpolation, normalize mean=std=(0.5,0.5,0.5) Inception-style stats",Single-stage supervised training from scratch on ImageNet-1k using timm's 'sw' (Swin-Transformer-derived) recipe,ImageNet-1k only (no separate pretraining stage),Ross Wightman / timm (trained in-house),vit_relpos_base_patch32_plus_rpn_256-sw-dd486f51.pth,,Apache-2.0,,Single-stage 1000-way classification via cross-entropy (implied by recipe),"Cross-entropy, likely with label smoothing (inferred, not explicit)",,,RGB tensor 3x256x256,"1000-class logits or (1,64,896) unpooled tokens",
vision,vit_tiny_r_s16_p8_384:augreg_in21k_ft_in1k,vit_tiny_r_s16_p8_384:augreg_in21k_ft_in1k,"augreg_in21k_ft_in1k tag, 384px fine-tune",hybrid_convolutional_transformer,ResNet-ViT hybrid (conv stem + transformer),6300000,false,All layers trainable in original pretrain/fine-tune; none frozen in release,false,image,3,384,384,,,supervised,Supervised (both pretrain and fine-tune stages),RGB tensor 3x384x384 -> 1000-class logits or pooled feature embedding,"timm auto-resolved transform (resize/crop 384, ImageNet mean/std)",ResNet-style stem -> patchify (effective patch 8) -> ViT-Tiny transformer encoder -> classification head,ImageNet-21k (pretrain) -> ImageNet-1k (fine-tune),Google Research (orig. JAX) -> ported to PyTorch/timm by Ross Wightman,augreg_in21k_ft_in1k safetensors checkpoint on HF repo,,Apache 2.0,,Softmax cross-entropy classification loss,Softmax cross-entropy,,,RGB tensor 3x384x384,1000-class logits or pooled feature embedding,
vision,VOneCORnet-S,VOneCORnet-S,v0.1 weights release,hybrid_biological_convolutional,V1 front-end + recurrent CNN (CORnet-S) back-end,53000000,false,All CORnet-S recurrent block layers trainable; VOneBlock fixed,true,image,3,224,224,8,8 degrees (VOneNet family default convention),supervised,Fully supervised (1000-way classification),RGB tensor 3x224x224 -> 1000-class logits or intermediate activations,"Normalize mean=[0.5,0.5,0.5], std=[0.5,0.5,0.5]","Gabor front-end -> bottleneck -> CORnet-S recurrent V1/V2/V4/IT-like block stack, unrolled over time steps",ImageNet (ILSVRC2012),DiCarlo Lab; file vonecornets_e70.pth.tar,vonecornets_e70.pth.tar,,GNU GPL v3+,,Cross-entropy classification loss on ImageNet labels,Cross-entropy,,,RGB tensor 3x224x224,1000-class logits or intermediate activations,
vision,voneresnet-50,voneresnet-50,v0.1 weights release,hybrid_biological_convolutional,"Biologically-fixed V1 front-end + CNN (ResNet) back-end, stochastic",25600000,false,"Same as non-stochastic; stochasticity params fixed, not learned",false,image,3,224,224,8,8 degrees (VOneNet family default convention),supervised,Fully supervised (1000-way classification),RGB tensor 3x224x224 -> 1000-class logits or intermediate activations,"Normalize mean=[0.5,0.5,0.5], std=[0.5,0.5,0.5]",Gabor filter bank (fixed) -> simple/complex-cell nonlinearity -> Poisson-like stochastic layer -> bottleneck -> ResNet-50 stages 1-4 -> classifier,ImageNet (ILSVRC2012),DiCarlo Lab; file voneresnet50_e70.pth.tar,voneresnet50_e70.pth.tar,,GNU GPL v3+,,Cross-entropy classification loss on ImageNet labels,Cross-entropy,,,RGB tensor 3x224x224,1000-class logits or intermediate activations,
vision,voneresnet-50-non_stochastic,voneresnet-50-non_stochastic,"v0.1 weights release (Jun 30, 2020)",hybrid_biological_convolutional,Biologically-fixed V1 front-end + CNN (ResNet) back-end,25600000,false,All ResNet-50 conv/BN/FC layers trainable; VOneBlock Gabor filters fixed,false,image,3,224,224,8,8 degrees,supervised,Fully supervised (1000-way classification),RGB tensor 3x224x224 -> 1000-class logits or intermediate activations (Brain-Score API),"Normalize mean=[0.5,0.5,0.5], std=[0.5,0.5,0.5]",Gabor filter bank (fixed) -> simple/complex-cell nonlinearity -> noise generator disabled -> bottleneck -> ResNet-50 stages 1-4 -> classifier,ImageNet (ILSVRC2012),DiCarlo Lab (github.com/dicarlolab/vonenet); S3-hosted,"Epoch-70 checkpoint, noise generator disabled at inference",,GNU GPL v3+,,Cross-entropy classification loss on ImageNet labels,Cross-entropy,,,RGB tensor 3x224x224,1000-class logits or intermediate activations (Brain-Score API),
