[
  {
    "model": "benchmarks.Reference",
    "fields": {
      "url": "https://nlp.stanford.edu/pubs/glove.pdf",
      "author": "Pennington",
      "year": "2014",
      "bibtex": "@inproceedings{pennington2014glove,\n  title={Glove: Global vectors for word representation},\n  author={Pennington, Jeffrey and Socher, Richard and Manning, Christopher D},\n  booktitle={Proceedings of the 2014 conference on empirical methods in natural language processing (EMNLP)},\n  pages={1532--1543},\n  year={2014}\n}"
    }
  },
  {
    "model": "benchmarks.Reference",
    "fields": {
      "url": "https://d4mucfpksywv.cloudfront.net/better-language-models/language_models_are_unsupervised_multitask_learners.pdf",
      "bibtex": "@article{radford2019language,\n  title={Language models are unsupervised multitask learners},\n  author={Radford, Alec and Wu, Jeffrey and Child, Rewon and Luan, David and Amodei, Dario and Sutskever, Ilya and others},\n  journal={OpenAI blog},\n  volume={1},\n  number={8},\n  pages={9},\n  year={2019}\n}",
      "year": "2019",
      "author": "Radford"
    }
  }
]