[
  {
    "model": "benchmarks.Model",
    "pk": 89,
    "fields": {
      "name": "glove-840b",
      "reference": null,
      "owner": [
        "mferg@mit.edu"
      ],
      "public": "False",
      "competition": null,
      "submission_id" : 3,
      "visual_degrees":  null,
      "domain": "language"
    }
  },
  {
    "model": "benchmarks.Model",
    "pk": 90,
    "fields": {
      "name": "ScLM",
      "reference": null,
      "owner": [
        "cfourrier@mit.edu"
      ],
      "public": "True",
      "competition": null,
      "submission_id" : 3,
      "visual_degrees":  null,
      "domain": "language"
    }
  },
  {
    "model": "benchmarks.Model",
    "pk": 91,
    "fields": {
      "name": "gpt2-xl",
      "reference": null,
      "owner": [
        "martin.schrimpf@outlook.com"
      ],
      "public": "True",
      "competition": null,
      "submission_id": 3,
      "visual_degrees": null,
      "domain": "language"
    }
  },
  {
    "model": "benchmarks.Model",
    "pk": 92,
    "fields": {
      "name": "distilgpt2",
      "reference": null,
      "owner": [
        "kfairchild@mit.edu"
      ],
      "public": "True",
      "competition": null,
      "submission_id": 3,
      "visual_degrees": null,
      "domain": "language"
    }
  },
  {
    "model": "benchmarks.Model",
    "pk": 93,
    "fields": {
      "name": "lm1b",
      "reference": null,
      "owner": [
        "kshehada@mit.edu"
      ],
      "public": "True",
      "competition": null,
      "submission_id": 3,
      "visual_degrees": null,
      "domain": "language"
    }
  },
  {
    "model": "benchmarks.Model",
    "pk": 94,
    "fields": {
      "name": "Earley-parser",
      "reference": null,
      "owner": [
        "kshehada@mit.edu"
      ],
      "public": "True",
      "competition": null,
      "submission_id": 3,
      "visual_degrees": null,
      "domain": "language"
    }
  },
  {
    "model": "benchmarks.Model",
    "pk": 95,
    "fields": {
      "name": "rnn-g",
      "reference": null,
      "owner": [
        "blipkin@mit.edu"
      ],
      "public": "True",
      "competition": null,
      "submission_id": 3,
      "visual_degrees": null,
      "domain": "language"
    }
  },
  {
    "model": "benchmarks.Model",
    "pk": 96,
    "fields": {
      "name": "BigNet-1",
      "reference": null,
      "owner": [
        "nonoko7727@canyona.com"
      ],
      "public": "True",
      "competition": null,
      "submission_id": 3,
      "visual_degrees": null,
      "domain": "language"
    }
  },
  {
    "model": "benchmarks.Model",
    "pk": 97,
    "fields": {
      "name": "DEVNet100",
      "reference": null,
      "owner": [
        "nonoko7727@canyona.com"
      ],
      "public": "True",
      "competition": null,
      "submission_id": 3,
      "visual_degrees": null,
      "domain": "language"
    }
  }
]