[
  {
    "model": "benchmarks.user",
    "pk": 1,
    "fields": {
      "password": "dummy",
      "last_login": "2020-07-17T18:42:42.594Z",
      "is_superuser": false,
      "display_name": "Martin Schrimpf",
      "email": "martin.schrimpf@outlook.com",
      "is_staff": false,
      "is_active": true,
      "groups": [],
      "user_permissions": []
    }
  },
  {
    "model": "benchmarks.user",
    "pk": 2,
    "fields": {
      "password": "pbkdf2_sha256$180000$ueydqZC2tIce$R+guoaYWT2xEQPaTVrOnQyD/V1+3YYc6lzr2lyl6wuY=",
      "last_login": "2020-07-17T18:42:42.594Z",
      "is_superuser": false,
      "display_name": "Franzi Geiger",
      "email": "franzi@example.com",
      "is_staff": true,
      "is_active": true,
      "groups": [],
      "user_permissions": []
    }
  },
  {
    "model": "benchmarks.user",
    "pk": 3,
    "fields": {
      "password": "dummy",
      "last_login": "2020-07-17T18:42:42.594Z",
      "is_superuser": false,
      "display_name": "Mary Smith",
      "email": "itsmeauser@me.com",
      "is_staff": false,
      "is_active": true,
      "groups": [],
      "user_permissions": []
    }
  },
  {
    "model": "benchmarks.user",
    "pk": 4,
    "fields": {
      "password": "dummy",
      "last_login": "2020-07-17T18:42:42.594Z",
      "is_superuser": false,
      "display_name": null,
      "email": "anotheruser@email.com",
      "is_staff": false,
      "is_active": true,
      "groups": [],
      "user_permissions": []
    }
  }
]