[
  {
    "model": "benchmarks.Model",
    "pk": 1,
    "fields": {
      "name": "alexnet1",
      "reference": [
        "https://papers.nips.cc/paper/4824-imagenet-classification-with-deep-convolutional-neural-networks"
      ],
      "owner": [
        "franzi@example.com"
      ],
      "public": "True",
      "competition": null,
      "submission_id" : 33,
      "visual_degrees":  8
    }
  },
  {
    "model": "benchmarks.Model",
    "pk": 2,
    "fields": {
      "name": "alexnet2",
      "reference": [
        "https://papers.nips.cc/paper/4824-imagenet-classification-with-deep-convolutional-neural-networks"
      ],
      "owner": [
        "franzi@example.com"
      ],
      "public": "False",
      "competition": null,
      "submission_id" : 34,
      "visual_degrees":  8
    }
  },

  {
    "model": "benchmarks.Model",
    "pk": 3,
    "fields": {
      "name": "alexnet",
      "reference": [
        "https://papers.nips.cc/paper/4824-imagenet-classification-with-deep-convolutional-neural-networks"
      ],
      "owner": [
        "martin.schrimpf@outlook.com"
      ],
      "public": "True",
      "competition": "cosyne2022",
      "submission_id" : 33,
      "visual_degrees":  8
    }
  },
  {
    "model": "benchmarks.Model",
    "pk": 4,
    "fields": {
      "name": "squeezenet1_0",
      "reference": [
        "https://arxiv.org/abs/1602.07360"
      ],
      "owner": [
        "franzi@example.com"
      ],
      "public": "True",
      "competition": "cosyne2022",
      "submission_id" : 33,
      "visual_degrees":  8
    }
  },
  {
    "model": "benchmarks.Model",
    "pk": 5,
    "fields": {
      "name": "squeezenet1_1",
      "reference": [
        "https://arxiv.org/abs/1602.07360"
      ],
      "owner": [
        "franzi@example.com"
      ],
      "public": "True",
      "competition": "cosyne2022",
      "submission_id" : 33,
      "visual_degrees":  8
    }
  },
  {
    "model": "benchmarks.Model",
    "pk": 6,
    "fields": {
      "name": "resnet-18",
      "reference": [
        "https://arxiv.org/abs/1512.03385"
      ],
      "owner": [
        "martin.schrimpf@outlook.com"
      ],
      "public": "True",
      "competition": null,
      "submission_id" : 33,
      "visual_degrees":  8
    }
  },
  {
    "model": "benchmarks.Model",
    "pk": 7,
    "fields": {
      "name": "resnet-34",
      "reference": [
        "https://arxiv.org/abs/1512.03385"
      ],
      "owner": [
        "itsmeauser@me.com"
      ],
      "public": "True",
      "competition": "cosyne2022",
      "submission_id" : 33,
      "visual_degrees":  8
    }
  },
  {
    "model": "benchmarks.Model",
    "pk": 8,
    "fields": {
      "name": "resnet-50-pytorch",
      "reference": [
        "https://arxiv.org/abs/1512.03385"
      ],
      "owner": [
        "itsmeauser@me.com"
      ],
      "public": "True",
      "competition": null,
      "submission_id" : 34,
      "visual_degrees":  8
    }
  },
  {
    "model": "benchmarks.Model",
    "pk": 9,
    "fields": {
      "name": "resnet-50-robust",
      "reference": [
        "https://arxiv.org/pdf/1906.09453.pdf"
      ],
      "owner": [
        "martin.schrimpf@outlook.com"
      ],
      "public": "True",
      "competition": null,
      "submission_id" : 33,
      "visual_degrees":  8
    }
  },
  {
    "model": "benchmarks.Model",
    "pk": 10,
    "fields": {
      "name": "vgg-16",
      "reference": [
        "https://arxiv.org/abs/1409.1556"
      ],
      "owner": [
        "anotheruser@email.com"
      ],
      "public": "True",
      "competition": "cosyne2022",
      "submission_id" : 33,
      "visual_degrees":  8
    }
  },
  {
    "model": "benchmarks.Model",
    "pk": 11,
    "fields": {
      "name": "vgg-19",
      "reference": [
        "https://arxiv.org/abs/1409.1556"
      ],
      "owner": [
        "martin.schrimpf@outlook.com"
      ],
      "public": "True",
      "competition": null,
      "submission_id" : 34,
      "visual_degrees":  8
    }
  },
  {
    "model": "benchmarks.Model",
    "pk": 12,
    "fields": {
      "name": "vggface",
      "reference": [
        "https://www.robots.ox.ac.uk/~vgg/publications/2015/Parkhi15/parkhi15.pdf"
      ],
      "owner": [
        "anotheruser@email.com"
      ],
      "public": "True",
      "competition": "cosyne2022",
      "submission_id" : 33,
      "visual_degrees":  8
    }
  },
  {
    "model": "benchmarks.Model",
    "pk": 13,
    "fields": {
      "name": "xception",
      "reference": [
        "https://arxiv.org/abs/1610.02357"
      ],
      "owner": [
        "martin.schrimpf@outlook.com"
      ],
      "public": "True",
      "competition": null,
      "submission_id" : 34,
      "visual_degrees":  8
    }
  },
  {
    "model": "benchmarks.Model",
    "pk": 14,
    "fields": {
      "name": "densenet-121",
      "reference": [
        "https://arxiv.org/abs/1608.06993"
      ],
      "owner": [
        "martin.schrimpf@outlook.com"
      ],
      "public": "True",
      "competition": null,
      "submission_id" : 33,
      "visual_degrees":  8
    }
  },
  {
    "model": "benchmarks.Model",
    "pk": 15,
    "fields": {
      "name": "densenet-169",
      "reference": [
        "https://arxiv.org/abs/1608.06993"
      ],
      "owner": [
        "martin.schrimpf@outlook.com"
      ],
      "public": "True",
      "competition": "cosyne2022",
      "submission_id" : 33,
      "visual_degrees":  8
    }
  },
  {
    "model": "benchmarks.Model",
    "pk": 16,
    "fields": {
      "name": "densenet-201",
      "reference": [
        "https://arxiv.org/abs/1608.06993"
      ],
      "owner": [
        "martin.schrimpf@outlook.com"
      ],
      "public": "True",
      "competition": null,
      "submission_id" : 34,
      "visual_degrees":  8
    }
  },
  {
    "model": "benchmarks.Model",
    "pk": 17,
    "fields": {
      "name": "inception_v1",
      "reference": [
        "https://arxiv.org/abs/1409.4842"
      ],
      "owner": [
        "martin.schrimpf@outlook.com"
      ],
      "public": "True",
      "competition": null,
      "submission_id" : 33,
      "visual_degrees":  8
    }
  },
  {
    "model": "benchmarks.Model",
    "pk": 18,
    "fields": {
      "name": "inception_v2",
      "reference": [
        "https://arxiv.org/abs/1512.00567"
      ],
      "owner": [
        "martin.schrimpf@outlook.com"
      ],
      "public": "True",
      "competition": "cosyne2022",
      "submission_id" : 33,
      "visual_degrees":  8
    }
  },
  {
    "model": "benchmarks.Model",
    "pk": 19,
    "fields": {
      "name": "inception_v3",
      "reference": [
        "https://arxiv.org/abs/1512.00567"
      ],
      "owner": [
        "martin.schrimpf@outlook.com"
      ],
      "public": "True",
      "competition": null,
      "submission_id" : 34,
      "visual_degrees":  8
    }
  },
  {
    "model": "benchmarks.Model",
    "pk": 20,
    "fields": {
      "name": "inception_v4",
      "reference": [
        "https://arxiv.org/abs/1602.07261"
      ],
      "owner": [
        "martin.schrimpf@outlook.com"
      ],
      "public": "True",
      "competition": null,
      "submission_id" : 33,
      "visual_degrees":  8
    }
  },
  {
    "model": "benchmarks.Model",
    "pk": 21,
    "fields": {
      "name": "inception_resnet_v2",
      "reference": [
        "https://arxiv.org/abs/1602.07261"
      ],
      "owner": [
        "martin.schrimpf@outlook.com"
      ],
      "public": "True",
      "competition": null,
      "submission_id" : 33,
      "visual_degrees":  8
    }
  },
  {
    "model": "benchmarks.Model",
    "pk": 22,
    "fields": {
      "name": "resnet-50_v1",
      "reference": [
        "https://arxiv.org/abs/1512.03385"
      ],
      "owner": [
        "martin.schrimpf@outlook.com"
      ],
      "public": "True",
      "competition": null,
      "submission_id" : 34,
      "visual_degrees":  8
    }
  },
  {
    "model": "benchmarks.Model",
    "pk": 23,
    "fields": {
      "name": "resnet-101_v1",
      "reference": [
        "https://arxiv.org/abs/1512.03385"
      ],
      "owner": [
        "martin.schrimpf@outlook.com"
      ],
      "public": "True",
      "competition": null,
      "submission_id" : 33,
      "visual_degrees":  8
    }
  },
  {
    "model": "benchmarks.Model",
    "pk": 24,
    "fields": {
      "name": "resnet-152_v1",
      "reference": [
        "https://arxiv.org/abs/1512.03385"
      ],
      "owner": [
        "martin.schrimpf@outlook.com"
      ],
      "public": "True",
      "competition": null,
      "submission_id" : 34,
      "visual_degrees":  8
    }
  },
  {
    "model": "benchmarks.Model",
    "pk": 25,
    "fields": {
      "name": "resnet-50_v2",
      "reference": [
        "https://arxiv.org/abs/1512.03385"
      ],
      "owner": [
        "martin.schrimpf@outlook.com"
      ],
      "public": "True",
      "competition": null,
      "submission_id" : 33,
      "visual_degrees":  8
    }
  },
  {
    "model": "benchmarks.Model",
    "pk": 26,
    "fields": {
      "name": "resnet-101_v2",
      "reference": [
        "https://arxiv.org/abs/1512.03385"
      ],
      "owner": [
        "martin.schrimpf@outlook.com"
      ],
      "public": "True",
      "competition": null,
      "submission_id" : 34,
      "visual_degrees":  8
    }
  },
  {
    "model": "benchmarks.Model",
    "pk": 27,
    "fields": {
      "name": "resnet-152_v2",
      "reference": [
        "https://arxiv.org/abs/1512.03385"
      ],
      "owner": [
        "martin.schrimpf@outlook.com"
      ],
      "public": "True",
      "competition": null,
      "submission_id" : 33,
      "visual_degrees":  8
    }
  },
  {
    "model": "benchmarks.Model",
    "pk": 28,
    "fields": {
      "name": "nasnet_mobile",
      "reference": [
        "https://arxiv.org/abs/1707.07012"
      ],
      "owner": [
        "martin.schrimpf@outlook.com"
      ],
      "public": "True",
      "competition": null,
      "submission_id" : 34,
      "visual_degrees":  8
    }
  },
  {
    "model": "benchmarks.Model",
    "pk": 29,
    "fields": {
      "name": "nasnet_large",
      "reference": [
        "https://arxiv.org/abs/1707.07012"
      ],
      "owner": [
        "martin.schrimpf@outlook.com"
      ],
      "public": "True",
      "competition": null,
      "submission_id" : 34,
      "visual_degrees":  8
    }
  },
  {
    "model": "benchmarks.Model",
    "pk": 30,
    "fields": {
      "name": "pnasnet_large",
      "reference": [
        "https://arxiv.org/abs/1712.00559"
      ],
      "owner": [
        "martin.schrimpf@outlook.com"
      ],
      "public": "True",
      "competition": null,
      "submission_id" : 34,
      "visual_degrees":  8
    }
  },
  {
    "model": "benchmarks.Model",
    "pk": 31,
    "fields": {
      "name": "bagnet9",
      "reference": [
        "https://openreview.net/forum?id=SkfMWhAqYQ"
      ],
      "owner": [
        "martin.schrimpf@outlook.com"
      ],
      "public": "True",
      "competition": null,
      "submission_id" : 34,
      "visual_degrees":  8
    }
  },
  {
    "model": "benchmarks.Model",
    "pk": 32,
    "fields": {
      "name": "bagnet17",
      "reference": [
        "https://openreview.net/forum?id=SkfMWhAqYQ"
      ],
      "owner": [
        "martin.schrimpf@outlook.com"
      ],
      "public": "True",
      "competition": null,
      "submission_id" : 33,
      "visual_degrees":  8
    }
  },
  {
    "model": "benchmarks.Model",
    "pk": 33,
    "fields": {
      "name": "bagnet33",
      "reference": [
        "https://openreview.net/forum?id=SkfMWhAqYQ"
      ],
      "owner": [
        "martin.schrimpf@outlook.com"
      ],
      "public": "True",
      "competition": null,
      "submission_id" : 34,
      "visual_degrees":  8
    }
  },
  {
    "model": "benchmarks.Model",
    "pk": 34,
    "fields": {
      "name": "resnet50-SIN",
      "reference": [
        "https://openreview.net/forum?id=Bygh9j09KX"
      ],
      "owner": [
        "martin.schrimpf@outlook.com"
      ],
      "public": "True",
      "competition": null,
      "submission_id" : 33,
      "visual_degrees":  8
    }
  },
  {
    "model": "benchmarks.Model",
    "pk": 35,
    "fields": {
      "name": "resnet50-SIN_IN",
      "reference": [
        "https://openreview.net/forum?id=Bygh9j09KX"
      ],
      "owner": [
        "martin.schrimpf@outlook.com"
      ],
      "public": "True",
      "competition": null,
      "submission_id" : 33,
      "visual_degrees":  8
    }
  },
  {
    "model": "benchmarks.Model",
    "pk": 36,
    "fields": {
      "name": "resnet50-SIN_IN_IN",
      "reference": [
        "https://openreview.net/forum?id=Bygh9j09KX"
      ],
      "owner": [
        "martin.schrimpf@outlook.com"
      ],
      "public": "True",
      "competition": null,
      "submission_id" : 33,
      "visual_degrees":  8
    }
  },
  {
    "model": "benchmarks.Model",
    "pk": 37,
    "fields": {
      "name": "resnext101_32x8d_wsl",
      "reference": [
        "http://openaccess.thecvf.com/content_ECCV_2018/html/Dhruv_Mahajan_Exploring_the_Limits_ECCV_2018_paper.html"
      ],
      "owner": [
        "martin.schrimpf@outlook.com"
      ],
      "public": "True",
      "competition": null,
      "submission_id" : 34,
      "visual_degrees":  8
    }
  },
  {
    "model": "benchmarks.Model",
    "pk": 38,
    "fields": {
      "name": "resnext101_32x16d_wsl",
      "reference": [
        "http://openaccess.thecvf.com/content_ECCV_2018/html/Dhruv_Mahajan_Exploring_the_Limits_ECCV_2018_paper.html"
      ],
      "owner": [
        "martin.schrimpf@outlook.com"
      ],
      "public": "True",
      "competition": null,
      "submission_id" : 33,
      "visual_degrees":  8
    }
  },
  {
    "model": "benchmarks.Model",
    "pk": 39,
    "fields": {
      "name": "resnext101_32x32d_wsl",
      "reference": [
        "http://openaccess.thecvf.com/content_ECCV_2018/html/Dhruv_Mahajan_Exploring_the_Limits_ECCV_2018_paper.html"
      ],
      "owner": [
        "martin.schrimpf@outlook.com"
      ],
      "public": "True",
      "competition": null,
      "submission_id" : 33,
      "visual_degrees":  8
    }
  },
  {
    "model": "benchmarks.Model",
    "pk": 40,
    "fields": {
      "name": "resnext101_32x48d_wsl",
      "reference": [
        "https://arxiv.org/pdf/1906.06423.pdf"
      ],
      "owner": [
        "martin.schrimpf@outlook.com"
      ],
      "public": "True",
      "competition": null,
      "submission_id" : 34,
      "visual_degrees":  8
    }
  },
  {
    "model": "benchmarks.Model",
    "pk": 41,
    "fields": {
      "name": "fixres_resnext101_32x48d_wsl",
      "reference": [
        "http://papers.nips.cc/paper/9035-fixing-the-train-test-resolution-discrepancy"
      ],
      "owner": [
        "martin.schrimpf@outlook.com"
      ],
      "public": "True",
      "competition": null,
      "submission_id" : 33,
      "visual_degrees":  8
    }
  },
  {
    "model": "benchmarks.Model",
    "pk": 42,
    "fields": {
      "name": "dcgan",
      "reference": null,
      "owner": [
        "martin.schrimpf@outlook.com"
      ],
      "public": "True",
      "competition": "cosyne2022",
      "submission_id" : 33,
      "visual_degrees":  8
    }
  },
  {
    "model": "benchmarks.Model",
    "pk": 43,
    "fields": {
      "name": "convrnn_224",
      "reference": null,
      "owner": [
        "martin.schrimpf@outlook.com"
      ],
      "public": "True",
      "competition": null,
      "submission_id" : 34,
      "visual_degrees":  8
    }
  },
  {
    "model": "benchmarks.Model",
    "pk": 44,
    "fields": {
      "name": "mobilenet_v1_1.0_224",
      "reference": [
        "https://arxiv.org/abs/1704.04861"
      ],
      "owner": [
        "martin.schrimpf@outlook.com"
      ],
      "public": "True",
      "competition": null,
      "submission_id" : 34,
      "visual_degrees":  8
    }
  },
  {
    "model": "benchmarks.Model",
    "pk": 45,
    "fields": {
      "name": "mobilenet_v1_1.0_192",
      "reference": [
        "https://arxiv.org/abs/1704.04861"
      ],
      "owner": [
        "martin.schrimpf@outlook.com"
      ],
      "public": "True",
      "competition": null,
      "submission_id" : 34,
      "visual_degrees":  8
    }
  },
  {
    "model": "benchmarks.Model",
    "pk": 46,
    "fields": {
      "name": "mobilenet_v1_1.0_160",
      "reference": [
        "https://arxiv.org/abs/1704.04861"
      ],
      "owner": [
        "martin.schrimpf@outlook.com"
      ],
      "public": "True",
      "competition": null,
      "submission_id" : 33,
      "visual_degrees":  8
    }
  },
  {
    "model": "benchmarks.Model",
    "pk": 47,
    "fields": {
      "name": "mobilenet_v1_1.0_128",
      "reference": [
        "https://arxiv.org/abs/1704.04861"
      ],
      "owner": [
        "martin.schrimpf@outlook.com"
      ],
      "public": "True",
      "competition": null,
      "submission_id" : 33,
      "visual_degrees":  8
    }
  },
  {
    "model": "benchmarks.Model",
    "pk": 48,
    "fields": {
      "name": "mobilenet_v1_0.75_224",
      "reference": [
        "https://arxiv.org/abs/1704.04861"
      ],
      "owner": [
        "martin.schrimpf@outlook.com"
      ],
      "public": "True",
      "competition": null,
      "submission_id" : 33,
      "visual_degrees":  8
    }
  },
  {
    "model": "benchmarks.Model",
    "pk": 49,
    "fields": {
      "name": "mobilenet_v1_0.75_192",
      "reference": [
        "https://arxiv.org/abs/1704.04861"
      ],
      "owner": [
        "martin.schrimpf@outlook.com"
      ],
      "public": "True",
      "competition": null,
      "submission_id" : 33,
      "visual_degrees":  8
    }
  },
  {
    "model": "benchmarks.Model",
    "pk": 50,
    "fields": {
      "name": "mobilenet_v1_0.75_160",
      "reference": [
        "https://arxiv.org/abs/1704.04861"
      ],
      "owner": [
        "martin.schrimpf@outlook.com"
      ],
      "public": "True",
      "competition": null,
      "submission_id" : 33,
      "visual_degrees":  8
    }
  },
  {
    "model": "benchmarks.Model",
    "pk": 51,
    "fields": {
      "name": "mobilenet_v1_0.75_128",
      "reference": [
        "https://arxiv.org/abs/1704.04861"
      ],
      "owner": [
        "martin.schrimpf@outlook.com"
      ],
      "public": "True",
      "competition": null,
      "submission_id" : 33,
      "visual_degrees":  8
    }
  },
  {
    "model": "benchmarks.Model",
    "pk": 52,
    "fields": {
      "name": "mobilenet_v1_0.5_224",
      "reference": [
        "https://arxiv.org/abs/1704.04861"
      ],
      "owner": [
        "martin.schrimpf@outlook.com"
      ],
      "public": "True",
      "competition": null,
      "submission_id" : 33,
      "visual_degrees":  8
    }
  },
  {
    "model": "benchmarks.Model",
    "pk": 53,
    "fields": {
      "name": "mobilenet_v1_0.5_192",
      "reference": [
        "https://arxiv.org/abs/1704.04861"
      ],
      "owner": [
        "martin.schrimpf@outlook.com"
      ],
      "public": "True",
      "competition": null,
      "submission_id" : 33,
      "visual_degrees":  8
    }
  },
  {
    "model": "benchmarks.Model",
    "pk": 54,
    "fields": {
      "name": "mobilenet_v1_0.5_160",
      "reference": [
        "https://arxiv.org/abs/1704.04861"
      ],
      "owner": [
        "martin.schrimpf@outlook.com"
      ],
      "public": "True",
      "competition": null,
      "submission_id" : 34,
      "visual_degrees":  8
    }
  },
  {
    "model": "benchmarks.Model",
    "pk": 55,
    "fields": {
      "name": "mobilenet_v1_0.5_128",
      "reference": [
        "https://arxiv.org/abs/1704.04861"
      ],
      "owner": [
        "martin.schrimpf@outlook.com"
      ],
      "public": "True",
      "competition": null,
      "submission_id" : 33,
      "visual_degrees":  8
    }
  },
  {
    "model": "benchmarks.Model",
    "pk": 56,
    "fields": {
      "name": "mobilenet_v1_0.25_224",
      "reference": [
        "https://arxiv.org/abs/1704.04861"
      ],
      "owner": [
        "martin.schrimpf@outlook.com"
      ],
      "public": "True",
      "competition": null,
      "submission_id" : 33,
      "visual_degrees":  8
    }
  },
  {
    "model": "benchmarks.Model",
    "pk": 57,
    "fields": {
      "name": "mobilenet_v1_0.25_192",
      "reference": [
        "https://arxiv.org/abs/1704.04861"
      ],
      "owner": [
        "martin.schrimpf@outlook.com"
      ],
      "public": "True",
      "competition": null,
      "submission_id" : 33,
      "visual_degrees":  8
    }
  },
  {
    "model": "benchmarks.Model",
    "pk": 58,
    "fields": {
      "name": "mobilenet_v1_0.25_160",
      "reference": [
        "https://arxiv.org/abs/1704.04861"
      ],
      "owner": [
        "martin.schrimpf@outlook.com"
      ],
      "public": "True",
      "competition": null,
      "submission_id" : 33,
      "visual_degrees":  8
    }
  },
  {
    "model": "benchmarks.Model",
    "pk": 59,
    "fields": {
      "name": "mobilenet_v1_0.25_128",
      "reference": [
        "https://arxiv.org/abs/1704.04861"
      ],
      "owner": [
        "martin.schrimpf@outlook.com"
      ],
      "public": "True",
      "competition": null,
      "submission_id" : 34,
      "visual_degrees":  8
    }
  },
  {
    "model": "benchmarks.Model",
    "pk": 60,
    "fields": {
      "name": "mobilenet_v2_1.4_224",
      "reference": [
        "https://arxiv.org/abs/1704.04861"
      ],
      "owner": [
        "martin.schrimpf@outlook.com"
      ],
      "public": "True",
      "competition": null,
      "submission_id" : 33,
      "visual_degrees":  8
    }
  },
  {
    "model": "benchmarks.Model",
    "pk": 61,
    "fields": {
      "name": "mobilenet_v2_1.3_224",
      "reference": [
        "https://arxiv.org/abs/1704.04861"
      ],
      "owner": [
        "martin.schrimpf@outlook.com"
      ],
      "public": "True",
      "competition": null,
      "submission_id" : 33,
      "visual_degrees":  8
    }
  },
  {
    "model": "benchmarks.Model",
    "pk": 62,
    "fields": {
      "name": "mobilenet_v2_1.0_224",
      "reference": [
        "https://arxiv.org/abs/1704.04861"
      ],
      "owner": [
        "martin.schrimpf@outlook.com"
      ],
      "public": "True",
      "competition": null,
      "submission_id" : 33,
      "visual_degrees":  8
    }
  },
  {
    "model": "benchmarks.Model",
    "pk": 63,
    "fields": {
      "name": "mobilenet_v2_1.0_192",
      "reference": [
        "https://arxiv.org/abs/1704.04861"
      ],
      "owner": [
        "martin.schrimpf@outlook.com"
      ],
      "public": "True",
      "competition": null,
      "submission_id" : 34,
      "visual_degrees":  8
    }
  },
  {
    "model": "benchmarks.Model",
    "pk": 64,
    "fields": {
      "name": "mobilenet_v2_1.0_160",
      "reference": [
        "https://arxiv.org/abs/1704.04861"
      ],
      "owner": [
        "martin.schrimpf@outlook.com"
      ],
      "public": "True",
      "competition": null,
      "submission_id" : 33,
      "visual_degrees":  8
    }
  },
  {
    "model": "benchmarks.Model",
    "pk": 65,
    "fields": {
      "name": "mobilenet_v2_1.0_128",
      "reference": [
        "https://arxiv.org/abs/1704.04861"
      ],
      "owner": [
        "martin.schrimpf@outlook.com"
      ],
      "public": "True",
      "competition": null,
      "submission_id" : 33,
      "visual_degrees":  8
    }
  },
  {
    "model": "benchmarks.Model",
    "pk": 66,
    "fields": {
      "name": "mobilenet_v2_1.0_96",
      "reference": [
        "https://arxiv.org/abs/1704.04861"
      ],
      "owner": [
        "martin.schrimpf@outlook.com"
      ],
      "public": "True",
      "competition": null,
      "submission_id" : 34,
      "visual_degrees":  8
    }
  },
  {
    "model": "benchmarks.Model",
    "pk": 67,
    "fields": {
      "name": "mobilenet_v2_0.75_224",
      "reference": [
        "https://arxiv.org/abs/1704.04861"
      ],
      "owner": [
        "martin.schrimpf@outlook.com"
      ],
      "public": "True",
      "competition": null,
      "submission_id" : 33,
      "visual_degrees":  8
    }
  },
  {
    "model": "benchmarks.Model",
    "pk": 68,
    "fields": {
      "name": "mobilenet_v2_0.75_192",
      "reference": [
        "https://arxiv.org/abs/1704.04861"
      ],
      "owner": [
        "martin.schrimpf@outlook.com"
      ],
      "public": "True",
      "competition": null,
      "submission_id" : 33,
      "visual_degrees":  8
    }
  },
  {
    "model": "benchmarks.Model",
    "pk": 69,
    "fields": {
      "name": "mobilenet_v2_0.75_160",
      "reference": [
        "https://arxiv.org/abs/1704.04861"
      ],
      "owner": [
        "martin.schrimpf@outlook.com"
      ],
      "public": "True",
      "competition": null,
      "submission_id" : 34,
      "visual_degrees":  8
    }
  },
  {
    "model": "benchmarks.Model",
    "pk": 70,
    "fields": {
      "name": "mobilenet_v2_0.75_128",
      "reference": [
        "https://arxiv.org/abs/1704.04861"
      ],
      "owner": [
        "martin.schrimpf@outlook.com"
      ],
      "public": "True",
      "competition": null,
      "submission_id" : 33,
      "visual_degrees":  8
    }
  },
  {
    "model": "benchmarks.Model",
    "pk": 71,
    "fields": {
      "name": "mobilenet_v2_0.75_96",
      "reference": [
        "https://arxiv.org/abs/1704.04861"
      ],
      "owner": [
        "martin.schrimpf@outlook.com"
      ],
      "public": "True",
      "competition": null,
      "submission_id" : 33,
      "visual_degrees":  8
    }
  },
  {
    "model": "benchmarks.Model",
    "pk": 72,
    "fields": {
      "name": "mobilenet_v2_0.5_224",
      "reference": [
        "https://arxiv.org/abs/1704.04861"
      ],
      "owner": [
        "martin.schrimpf@outlook.com"
      ],
      "public": "True",
      "competition": null,
      "submission_id" : 34,
      "visual_degrees":  8
    }
  },
  {
    "model": "benchmarks.Model",
    "pk": 73,
    "fields": {
      "name": "mobilenet_v2_0.5_192",
      "reference": [
        "https://arxiv.org/abs/1704.04861"
      ],
      "owner": [
        "martin.schrimpf@outlook.com"
      ],
      "public": "True",
      "competition": null,
      "submission_id" : 33,
      "visual_degrees":  8
    }
  },
  {
    "model": "benchmarks.Model",
    "pk": 74,
    "fields": {
      "name": "mobilenet_v2_0.5_160",
      "reference": [
        "https://arxiv.org/abs/1704.04861"
      ],
      "owner": [
        "martin.schrimpf@outlook.com"
      ],
      "public": "True",
      "competition": null,
      "submission_id" : 33,
      "visual_degrees":  8
    }
  },
  {
    "model": "benchmarks.Model",
    "pk": 75,
    "fields": {
      "name": "mobilenet_v2_0.5_128",
      "reference": [
        "https://arxiv.org/abs/1704.04861"
      ],
      "owner": [
        "martin.schrimpf@outlook.com"
      ],
      "public": "True",
      "competition": null,
      "submission_id" : 34,
      "visual_degrees":  8
    }
  },
  {
    "model": "benchmarks.Model",
    "pk": 76,
    "fields": {
      "name": "mobilenet_v2_0.5_96",
      "reference": [
        "https://arxiv.org/abs/1704.04861"
      ],
      "owner": [
        "martin.schrimpf@outlook.com"
      ],
      "public": "True",
      "competition": null,
      "submission_id" : 33,
      "visual_degrees":  8
    }
  },
  {
    "model": "benchmarks.Model",
    "pk": 77,
    "fields": {
      "name": "mobilenet_v2_0.35_224",
      "reference": [
        "https://arxiv.org/abs/1704.04861"
      ],
      "owner": [
        "martin.schrimpf@outlook.com"
      ],
      "public": "True",
      "competition": "cosyne2022",
      "submission_id" : 33,
      "visual_degrees":  8
    }
  },
  {
    "model": "benchmarks.Model",
    "pk": 78,
    "fields": {
      "name": "mobilenet_v2_0.35_192",
      "reference": [
        "https://arxiv.org/abs/1704.04861"
      ],
      "owner": [
        "martin.schrimpf@outlook.com"
      ],
      "public": "True",
      "competition": null,
      "submission_id" : 34,
      "visual_degrees":  8
    }
  },
  {
    "model": "benchmarks.Model",
    "pk": 79,
    "fields": {
      "name": "mobilenet_v2_0.35_160",
      "reference": [
        "https://arxiv.org/abs/1704.04861"
      ],
      "owner": [
        "martin.schrimpf@outlook.com"
      ],
      "public": "True",
      "competition": null,
      "submission_id" : 33,
      "visual_degrees":  8
    }
  },
  {
    "model": "benchmarks.Model",
    "pk": 80,
    "fields": {
      "name": "mobilenet_v2_0.35_128",
      "reference": [
        "https://arxiv.org/abs/1704.04861"
      ],
      "owner": [
        "martin.schrimpf@outlook.com"
      ],
      "public": "True",
      "competition": null,
      "submission_id" : 33,
      "visual_degrees":  8
    }
  },
  {
    "model": "benchmarks.Model",
    "pk": 81,
    "fields": {
      "name": "mobilenet_v2_0.35_96",
      "reference": [
        "https://arxiv.org/abs/1704.04861"
      ],
      "owner": [
        "martin.schrimpf@outlook.com"
      ],
      "public": "True",
      "competition": null,
      "submission_id" : 34,
      "visual_degrees":  8
    }
  },
  {
    "model": "benchmarks.Model",
    "pk": 82,
    "fields": {
      "name": "CORnet-Z",
      "reference": [
        "https://www.biorxiv.org/content/early/2018/09/04/408385"
      ],
      "owner": [
        "martin.schrimpf@outlook.com"
      ],
      "public": "True",
      "competition": null,
      "submission_id" : 33,
      "visual_degrees":  8
    }
  },
  {
    "model": "benchmarks.Model",
    "pk": 83,
    "fields": {
      "name": "CORnet-S",
      "reference": [
        "https://papers.nips.cc/paper/9441-brain-like-object-recognition-with-high-performing-shallow-recurrent-anns"
      ],
      "owner": [
        "martin.schrimpf@outlook.com"
      ],
      "public": "True",
      "competition": null,
      "submission_id" : 34,
      "visual_degrees":  8
    }
  },
  {
    "model": "benchmarks.Model",
    "pk": 84,
    "fields": {
      "name": "CORnet-S101010",
      "reference": null,
      "owner": [
        "martin.schrimpf@outlook.com"
      ],
      "public": "True",
      "competition": "cosyne2022",
      "submission_id" : 33,
      "visual_degrees":  8
    }
  },
  {
    "model": "benchmarks.Model",
    "pk": 85,
    "fields": {
      "name": "CORnet-S222",
      "reference": null,
      "owner": [
        "martin.schrimpf@outlook.com"
      ],
      "public": "True",
      "competition": null,
      "submission_id" : 34,
      "visual_degrees":  8
    }
  },
  {
    "model": "benchmarks.Model",
    "pk": 86,
    "fields": {
      "name": "CORnet-S444",
      "reference": null,
      "owner": [
        "martin.schrimpf@outlook.com"
      ],
      "public": "True",
      "competition": null,
      "submission_id" : 34,
      "visual_degrees":  8
    }
  },
  {
    "model": "benchmarks.Model",
    "pk": 87,
    "fields": {
      "name": "CORnet-S484",
      "reference": null,
      "owner": [
        "martin.schrimpf@outlook.com"
      ],
      "public": "True",
      "competition": "cosyne2022",
      "submission_id" : 33,
      "visual_degrees":  8
    }
  },
  {
    "model": "benchmarks.Model",
    "pk": 88,
    "fields": {
      "name": "CORnet-S10rep",
      "reference": null,
      "owner": [
        "martin.schrimpf@outlook.com"
      ],
      "public": "True",
      "competition": "cosyne2022",
      "submission_id" : 34,
      "visual_degrees":  8
    }
  }
]