[
  {
    "model": "benchmarks.Score",
    "fields": {
      "score_ceiled": 0.208,
      "score_raw": 0.208,
      "error": 0.00023,
      "start_timestamp": "2022-07-18 12:09:00",
      "end_timestamp": "2022-07-18 14:09:00",
      "benchmark": [
        "Federenko.Pereira2018-linear",
        1
      ],
      "model": [
        "glove-840b"
      ]
    }
  },
  {
    "model": "benchmarks.Score",
    "fields": {
      "score_ceiled": 0.119,
      "score_raw": 0.119,
      "error": NaN,
      "start_timestamp": "2022-07-18 12:09:00",
      "end_timestamp": "2022-07-18 14:09:00",
      "benchmark": [
        "Kanwisher.Federenko2016-linear",
        1
      ],
      "model": [
        "glove-840b"
      ]
    }
  },
  {
    "model": "benchmarks.Score",
    "fields": {
      "score_ceiled": 0.173,
      "score_raw": 0.173,
      "error": 0.0006663,
      "start_timestamp": "2022-07-18 12:09:00",
      "end_timestamp": "2022-07-18 14:09:00",
      "benchmark": [
        "Federenko.Blank2014-linear",
        1
      ],
      "model": [
        "glove-840b"
      ]
    }
  },
  {
    "model": "benchmarks.Score",
    "fields": {
      "score_ceiled": 0.083,
      "score_raw": 0.083,
      "error": 0.00123,
      "start_timestamp": "2022-07-18 12:09:00",
      "end_timestamp": "2022-07-18 14:09:00",
      "benchmark": [
        "Futrell2018-pearsonr",
        1
      ],
      "model": [
        "glove-840b"
      ]
    }
  },
  {
    "model": "benchmarks.Score",
    "fields": {
      "score_ceiled": 0.198,
      "score_raw": 0.198,
      "error": 0.00456,
      "start_timestamp": "2022-07-18 12:09:00",
      "end_timestamp": "2022-07-18 14:09:00",
      "benchmark": [
        "HuGathier2018",
        1
      ],
      "model": [
        "glove-840b"
      ]
    }
  },
  {
    "model": "benchmarks.Score",
    "fields": {
      "score_ceiled": 0.101,
      "score_raw": 0.101,
      "error": 0.000999,
      "start_timestamp": "2022-07-18 12:09:00",
      "end_timestamp": "2022-07-18 14:09:00",
      "benchmark": [
        "Socher.Merity2016-accuracy",
        1
      ],
      "model": [
        "glove-840b"
      ]
    }
  },
  {
    "model": "benchmarks.Score",
    "fields": {
      "score_ceiled": 0.621,
      "score_raw": 0.621,
      "error": NaN,
      "start_timestamp": "2022-07-19 12:09:00",
      "end_timestamp": "2018-09-01 19:00:00",
      "benchmark": [
        "Federenko.Pereira2018-linear",
        1
      ],
      "model": [
        "ScLM"
      ]
    }
  },
  {
    "model": "benchmarks.Score",
    "fields": {
      "score_ceiled": 0.633,
      "score_raw": 0.633,
      "error": NaN,
      "start_timestamp": "2022-07-19 12:09:00",
      "end_timestamp": "2018-09-01 19:00:00",
      "benchmark": [
        "Kanwisher.Federenko2016-linear",
        1
      ],
      "model": [
        "ScLM"
      ]
    }
  },
  {
    "model": "benchmarks.Score",
    "fields": {
      "score_ceiled": 0.690,
      "score_raw": 0.690,
      "error": NaN,
      "start_timestamp": "2022-07-19 12:09:00",
      "end_timestamp": "2018-09-01 19:00:00",
      "benchmark": [
        "Federenko.Blank2014-linear",
        1
      ],
      "model": [
        "ScLM"
      ]
    }
  },
  {
    "model": "benchmarks.Score",
    "fields": {
      "score_ceiled": 0.701,
      "score_raw": 0.701,
      "error": NaN,
      "start_timestamp": "2022-07-19 12:09:00",
      "end_timestamp": "2018-09-01 19:00:00",
      "benchmark": [
        "Futrell2018-pearsonr",
        1
      ],
      "model": [
        "ScLM"
      ]
    }
  },
  {
    "model": "benchmarks.Score",
    "fields": {
      "score_ceiled": 0.606,
      "score_raw": 0.606,
      "error": NaN,
      "start_timestamp": "2022-07-19 12:09:00",
      "end_timestamp": "2018-09-01 19:00:00",
      "benchmark": [
        "HuGathier2018",
        1
      ],
      "model": [
        "ScLM"
      ]
    }
  },
  {
    "model": "benchmarks.Score",
    "fields": {
      "score_ceiled": 0.632,
      "score_raw": 0.632,
      "error": NaN,
      "start_timestamp": "2022-07-19 12:09:00",
      "end_timestamp": "2018-09-01 19:00:00",
      "benchmark": [
        "Socher.Merity2016-accuracy",
        1
      ],
      "model": [
        "ScLM"
      ]
    }
  },
  {
    "model": "benchmarks.Score",
    "fields": {
      "score_ceiled": 0.921,
      "score_raw": 0.921,
      "error": NaN,
      "start_timestamp": "2022-07-19 12:12:00",
      "end_timestamp": "2018-09-01 19:00:00",
      "benchmark": [
        "Federenko.Pereira2018-linear",
        1
      ],
      "model": [
        "gpt2-xl"
      ]
    }
  },
  {
    "model": "benchmarks.Score",
    "fields": {
      "score_ceiled": 0.909,
      "score_raw": 0.909,
      "error": NaN,
      "start_timestamp": "2022-07-19 12:12:00",
      "end_timestamp": "2018-09-01 19:00:00",
      "benchmark": [
        "Kanwisher.Federenko2016-linear",
        1
      ],
      "model": [
        "gpt2-xl"
      ]
    }
  },
  {
    "model": "benchmarks.Score",
    "fields": {
      "score_ceiled": 0.934,
      "score_raw": 0.934,
      "error": NaN,
      "start_timestamp": "2022-07-19 12:12:00",
      "end_timestamp": "2018-09-01 19:00:00",
      "benchmark": [
        "Federenko.Blank2014-linear",
        1
      ],
      "model": [
        "gpt2-xl"
      ]
    }
  },
  {
    "model": "benchmarks.Score",
    "fields": {
      "score_ceiled": 0.877,
      "score_raw": 0.345,
      "error": NaN,
      "start_timestamp": "2022-07-19 12:12:00",
      "end_timestamp": "2018-09-01 19:00:00",
      "benchmark": [
        "Futrell2018-pearsonr",
        1
      ],
      "model": [
        "gpt2-xl"
      ]
    }
  },
  {
    "model": "benchmarks.Score",
    "fields": {
      "score_ceiled": 0.891,
      "score_raw": 0.223,
      "error": NaN,
      "start_timestamp": "2022-07-19 12:12:00",
      "end_timestamp": "2018-09-01 19:00:00",
      "benchmark": [
        "HuGathier2018",
        1
      ],
      "model": [
        "gpt2-xl"
      ]
    }
  },
  {
    "model": "benchmarks.Score",
    "fields": {
      "score_ceiled": 0.799,
      "score_raw": 0.122,
      "error": NaN,
      "start_timestamp": "2022-07-19 12:12:00",
      "end_timestamp": "2018-09-01 19:00:00",
      "benchmark": [
        "Socher.Merity2016-accuracy",
        1
      ],
      "model": [
        "gpt2-xl"
      ]
    }
  },
  {
    "model": "benchmarks.Score",
    "fields": {
      "score_ceiled": 0.788,
      "score_raw": 0.788,
      "error": 0.00064,
      "start_timestamp": "2022-07-18 12:09:00",
      "end_timestamp": "2022-07-18 14:09:00",
      "benchmark": [
        "Federenko.Pereira2018-linear",
        1
      ],
      "model": [
        "distilgpt2"
      ]
    }
  },
  {
    "model": "benchmarks.Score",
    "fields": {
      "score_ceiled": 0.754,
      "score_raw": 0.754,
      "error": NaN,
      "start_timestamp": "2022-07-18 12:09:00",
      "end_timestamp": "2022-07-18 14:09:00",
      "benchmark": [
        "Kanwisher.Federenko2016-linear",
        1
      ],
      "model": [
        "distilgpt2"
      ]
    }
  },
  {
    "model": "benchmarks.Score",
    "fields": {
      "score_ceiled": 0.803,
      "score_raw": 0.803,
      "error": 0.0006663,
      "start_timestamp": "2022-07-18 12:09:00",
      "end_timestamp": "2022-07-18 14:09:00",
      "benchmark": [
        "Federenko.Blank2014-linear",
        1
      ],
      "model": [
        "distilgpt2"
      ]
    }
  },
  {
    "model": "benchmarks.Score",
    "fields": {
      "score_ceiled": 0.721,
      "score_raw": 0.721,
      "error": 0.0023,
      "start_timestamp": "2022-07-18 12:09:00",
      "end_timestamp": "2022-07-18 14:09:00",
      "benchmark": [
        "Futrell2018-pearsonr",
        1
      ],
      "model": [
        "distilgpt2"
      ]
    }
  },
  {
    "model": "benchmarks.Score",
    "fields": {
      "score_ceiled": 0.783,
      "score_raw": 0.783,
      "error": 0.00456,
      "start_timestamp": "2022-07-18 12:09:00",
      "end_timestamp": "2022-07-18 14:09:00",
      "benchmark": [
        "HuGathier2018",
        1
      ],
      "model": [
        "distilgpt2"
      ]
    }
  },
  {
    "model": "benchmarks.Score",
    "fields": {
      "score_ceiled": 0.817,
      "score_raw": 0.817,
      "error": 0.000999,
      "start_timestamp": "2022-07-18 12:09:00",
      "end_timestamp": "2022-07-18 14:09:00",
      "benchmark": [
        "Socher.Merity2016-accuracy",
        1
      ],
      "model": [
        "distilgpt2"
      ]
    }
  },
  {
    "model": "benchmarks.Score",
    "fields": {
      "score_ceiled": 0.503,
      "score_raw": 0.503,
      "error": NaN,
      "start_timestamp": "2022-07-19 12:09:00",
      "end_timestamp": "2018-09-01 19:00:00",
      "benchmark": [
        "Federenko.Pereira2018-linear",
        1
      ],
      "model": [
        "lm1b"
      ]
    }
  },
  {
    "model": "benchmarks.Score",
    "fields": {
      "score_ceiled": 0.558,
      "score_raw": 0.558,
      "error": NaN,
      "start_timestamp": "2022-07-19 12:09:00",
      "end_timestamp": "2018-09-01 19:00:00",
      "benchmark": [
        "Kanwisher.Federenko2016-linear",
        1
      ],
      "model": [
        "lm1b"
      ]
    }
  },
  {
    "model": "benchmarks.Score",
    "fields": {
      "score_ceiled": 0.498,
      "score_raw": 0.498,
      "error": NaN,
      "start_timestamp": "2022-07-19 12:09:00",
      "end_timestamp": "2018-09-01 19:00:00",
      "benchmark": [
        "Federenko.Blank2014-linear",
        1
      ],
      "model": [
        "lm1b"
      ]
    }
  },
  {
    "model": "benchmarks.Score",
    "fields": {
      "score_ceiled": 0.404,
      "score_raw": 0.404,
      "error": NaN,
      "start_timestamp": "2022-07-19 12:09:00",
      "end_timestamp": "2018-09-01 19:00:00",
      "benchmark": [
        "Futrell2018-pearsonr",
        1
      ],
      "model": [
        "lm1b"
      ]
    }
  },
  {
    "model": "benchmarks.Score",
    "fields": {
      "score_ceiled": 0.392,
      "score_raw": 0.392,
      "error": NaN,
      "start_timestamp": "2022-07-19 12:09:00",
      "end_timestamp": "2018-09-01 19:00:00",
      "benchmark": [
        "HuGathier2018",
        1
      ],
      "model": [
        "lm1b"
      ]
    }
  },
  {
    "model": "benchmarks.Score",
    "fields": {
      "score_ceiled": 0.501,
      "score_raw": 0.501,
      "error": NaN,
      "start_timestamp": "2022-07-19 12:09:00",
      "end_timestamp": "2018-09-01 19:00:00",
      "benchmark": [
        "Socher.Merity2016-accuracy",
        1
      ],
      "model": [
        "lm1b"
      ]
    }
  },
  {
    "model": "benchmarks.Score",
    "fields": {
      "score_ceiled": 0.259,
      "score_raw": 0.259,
      "error": NaN,
      "start_timestamp": "2022-07-19 12:12:00",
      "end_timestamp": "2018-09-01 19:00:00",
      "benchmark": [
        "Federenko.Pereira2018-linear",
        1
      ],
      "model": [
        "Earley-parser"
      ]
    }
  },
  {
    "model": "benchmarks.Score",
    "fields": {
      "score_ceiled": 0.244,
      "score_raw": 0.244,
      "error": NaN,
      "start_timestamp": "2022-07-19 12:12:00",
      "end_timestamp": "2018-09-01 19:00:00",
      "benchmark": [
        "Kanwisher.Federenko2016-linear",
        1
      ],
      "model": [
        "Earley-parser"
      ]
    }
  },
  {
    "model": "benchmarks.Score",
    "fields": {
      "score_ceiled": 0.287,
      "score_raw": 0.287,
      "error": NaN,
      "start_timestamp": "2022-07-19 12:12:00",
      "end_timestamp": "2018-09-01 19:00:00",
      "benchmark": [
        "Federenko.Blank2014-linear",
        1
      ],
      "model": [
        "Earley-parser"
      ]
    }
  },
  {
    "model": "benchmarks.Score",
    "fields": {
      "score_ceiled": 0.229,
      "score_raw": 0.229,
      "error": NaN,
      "start_timestamp": "2022-07-19 12:12:00",
      "end_timestamp": "2018-09-01 19:00:00",
      "benchmark": [
        "Futrell2018-pearsonr",
        1
      ],
      "model": [
        "Earley-parser"
      ]
    }
  },
  {
    "model": "benchmarks.Score",
    "fields": {
      "score_ceiled": 0.208,
      "score_raw": 0.208,
      "error": NaN,
      "start_timestamp": "2022-07-19 12:12:00",
      "end_timestamp": "2018-09-01 19:00:00",
      "benchmark": [
        "HuGathier2018",
        1
      ],
      "model": [
        "Earley-parser"
      ]
    }
  },
  {
    "model": "benchmarks.Score",
    "fields": {
      "score_ceiled": 0.195,
      "score_raw": 0.195,
      "error": NaN,
      "start_timestamp": "2022-07-19 12:12:00",
      "end_timestamp": "2018-09-01 19:00:00",
      "benchmark": [
        "Socher.Merity2016-accuracy",
        1
      ],
      "model": [
        "Earley-parser"
      ]
    }
  },
  {
    "model": "benchmarks.Score",
    "fields": {
      "score_ceiled": 0.306,
      "score_raw": 0.306,
      "error": NaN,
      "start_timestamp": "2022-07-19 12:12:00",
      "end_timestamp": "2018-09-01 19:00:00",
      "benchmark": [
        "Federenko.Pereira2018-linear",
        1
      ],
      "model": [
        "rnn-g"
      ]
    }
  },
  {
    "model": "benchmarks.Score",
    "fields": {
      "score_ceiled": 0.336,
      "score_raw": 0.336,
      "error": NaN,
      "start_timestamp": "2022-07-19 12:12:00",
      "end_timestamp": "2018-09-01 19:00:00",
      "benchmark": [
        "Kanwisher.Federenko2016-linear",
        1
      ],
      "model": [
        "rnn-g"
      ]
    }
  },
  {
    "model": "benchmarks.Score",
    "fields": {
      "score_ceiled": 0.406,
      "score_raw": 0.406,
      "error": NaN,
      "start_timestamp": "2022-07-19 12:12:00",
      "end_timestamp": "2018-09-01 19:00:00",
      "benchmark": [
        "Federenko.Blank2014-linear",
        1
      ],
      "model": [
        "rnn-g"
      ]
    }
  },
  {
    "model": "benchmarks.Score",
    "fields": {
      "score_ceiled": 0.321,
      "score_raw": 0.321,
      "error": NaN,
      "start_timestamp": "2022-07-19 12:12:00",
      "end_timestamp": "2018-09-01 19:00:00",
      "benchmark": [
        "Futrell2018-pearsonr",
        1
      ],
      "model": [
        "rnn-g"
      ]
    }
  },
  {
    "model": "benchmarks.Score",
    "fields": {
      "score_ceiled": 0.372,
      "score_raw": 0.372,
      "error": NaN,
      "start_timestamp": "2022-07-19 12:12:00",
      "end_timestamp": "2018-09-01 19:00:00",
      "benchmark": [
        "HuGathier2018",
        1
      ],
      "model": [
        "rnn-g"
      ]
    }
  },
  {
    "model": "benchmarks.Score",
    "fields": {
      "score_ceiled": 0.289,
      "score_raw": 0.289,
      "error": NaN,
      "start_timestamp": "2022-07-19 12:12:00",
      "end_timestamp": "2018-09-01 19:00:00",
      "benchmark": [
        "Socher.Merity2016-accuracy",
        1
      ],
      "model": [
        "rnn-g"
      ]
    }
  },
  {
    "model": "benchmarks.Score",
    "fields": {
      "score_ceiled": 0.111,
      "score_raw": 0.111,
      "error": NaN,
      "start_timestamp": "2022-07-19 12:12:00",
      "end_timestamp": "2018-09-01 19:00:00",
      "benchmark": [
        "Federenko.Pereira2018-linear",
        1
      ],
      "model": [
        "BigNet-1"
      ]
    }
  },
  {
    "model": "benchmarks.Score",
    "fields": {
      "score_ceiled": 0.245,
      "score_raw": 0.245,
      "error": NaN,
      "start_timestamp": "2022-07-19 12:12:00",
      "end_timestamp": "2018-09-01 19:00:00",
      "benchmark": [
        "Kanwisher.Federenko2016-linear",
        1
      ],
      "model": [
        "BigNet-1"
      ]
    }
  },
  {
    "model": "benchmarks.Score",
    "fields": {
      "score_ceiled": 0.454,
      "score_raw": 0.454,
      "error": NaN,
      "start_timestamp": "2022-07-19 12:12:00",
      "end_timestamp": "2018-09-01 19:00:00",
      "benchmark": [
        "Federenko.Blank2014-linear",
        1
      ],
      "model": [
        "BigNet-1"
      ]
    }
  },
  {
    "model": "benchmarks.Score",
    "fields": {
      "score_ceiled": 0.009,
      "score_raw": 0.009,
      "error": NaN,
      "start_timestamp": "2022-07-19 12:12:00",
      "end_timestamp": "2018-09-01 19:00:00",
      "benchmark": [
        "Futrell2018-pearsonr",
        1
      ],
      "model": [
        "BigNet-1"
      ]
    }
  },
  {
    "model": "benchmarks.Score",
    "fields": {
      "score_ceiled": 0.345,
      "score_raw": 0.345,
      "error": NaN,
      "start_timestamp": "2022-07-19 12:12:00",
      "end_timestamp": "2018-09-01 19:00:00",
      "benchmark": [
        "HuGathier2018",
        1
      ],
      "model": [
        "BigNet-1"
      ]
    }
  },
  {
    "model": "benchmarks.Score",
    "fields": {
      "score_ceiled": 0.2643,
      "score_raw": 0.2643,
      "error": NaN,
      "start_timestamp": "2022-07-19 12:12:00",
      "end_timestamp": "2018-09-01 19:00:00",
      "benchmark": [
        "Socher.Merity2016-accuracy",
        1
      ],
      "model": [
        "BigNet-1"
      ]
    }
  },
  {
    "model": "benchmarks.Score",
    "fields": {
      "score_ceiled": 0.111,
      "score_raw": 0.111,
      "error": NaN,
      "start_timestamp": "2022-07-19 12:12:00",
      "end_timestamp": "2018-09-01 19:00:00",
      "benchmark": [
        "Federenko.Pereira2018-linear",
        1
      ],
      "model": [
        "DEVNet100"
      ]
    }
  },
  {
    "model": "benchmarks.Score",
    "fields": {
      "score_ceiled": 0.245,
      "score_raw": 0.245,
      "error": NaN,
      "start_timestamp": "2022-07-19 12:12:00",
      "end_timestamp": "2018-09-01 19:00:00",
      "benchmark": [
        "Kanwisher.Federenko2016-linear",
        1
      ],
      "model": [
        "DEVNet100"
      ]
    }
  },
  {
    "model": "benchmarks.Score",
    "fields": {
      "score_ceiled": 0.454,
      "score_raw": 0.454,
      "error": NaN,
      "start_timestamp": "2022-07-19 12:12:00",
      "end_timestamp": "2018-09-01 19:00:00",
      "benchmark": [
        "Federenko.Blank2014-linear",
        1
      ],
      "model": [
        "DEVNet100"
      ]
    }
  },
  {
    "model": "benchmarks.Score",
    "fields": {
      "score_ceiled": 0.009,
      "score_raw": 0.009,
      "error": NaN,
      "start_timestamp": "2022-07-19 12:12:00",
      "end_timestamp": "2018-09-01 19:00:00",
      "benchmark": [
        "Futrell2018-pearsonr",
        1
      ],
      "model": [
        "DEVNet100"
      ]
    }
  },
  {
    "model": "benchmarks.Score",
    "fields": {
      "score_ceiled": 0.345,
      "score_raw": 0.345,
      "error": NaN,
      "start_timestamp": "2022-07-19 12:12:00",
      "end_timestamp": "2018-09-01 19:00:00",
      "benchmark": [
        "HuGathier2018",
        1
      ],
      "model": [
        "DEVNet100"
      ]
    }
  },
  {
    "model": "benchmarks.Score",
    "fields": {
      "score_ceiled": 0.2643,
      "score_raw": 0.2643,
      "error": NaN,
      "start_timestamp": "2022-07-19 12:12:00",
      "end_timestamp": "2018-09-01 19:00:00",
      "benchmark": [
        "Socher.Merity2016-accuracy",
        1
      ],
      "model": [
        "DEVNet100"
      ]
    }
  }
]